setting,div,grammar,perplexity
1-1,0,100000,24.94
1-1,0,001010,25.95
1-1,0,110101,28.63
1-1,0,011111,25.7
1-1,0,011011,25.3
1-1,0,110001,28.75
1-1,0,001110,26.74
1-1,0,100100,24.87
1-1,0,111000,30.45
1-1,0,010010,29.79
1-1,0,101101,26.45
1-1,0,000111,26.16
1-1,0,000011,26.21
1-1,0,101001,26.73
1-1,0,010110,29.42
1-1,0,111100,30.44
1-1,0,000100,24.62
1-1,0,101110,26.2
1-1,0,010001,28.11
1-1,0,111011,29.27
1-1,0,111111,29.48
1-1,0,010101,29.48
1-1,0,101010,26.56
1-1,0,000000,24.72
1-1,0,011100,25.89
1-1,0,110110,30.51
1-1,0,001001,27.4
1-1,0,100011,24.27
1-1,0,100111,24.03
1-1,0,001101,27.49
1-1,0,110010,30.15
1-1,0,011000,25.96
1-1,1,000111,25.25
1-1,1,101101,24.88
1-1,1,010010,27.74
1-1,1,111000,28.45
1-1,2,100101,24.1
1-1,2,001111,25.92
1-1,2,110000,29.82
1-1,2,011010,26.5
1-1,2,011110,25.91
1-1,2,110100,28.72
1-1,2,001011,25.91
1-1,2,100001,24.43
1-1,1,111100,28.49
1-1,1,010110,27.62
1-1,1,101001,25.37
1-1,1,000011,25.38
1-1,1,011111,24.74
1-1,1,110101,28.54
1-1,1,001010,26.15
1-1,1,100000,23.97
1-1,2,111101,27.46
1-1,2,010111,27.55
1-1,2,101000,26.2
1-1,2,000010,23.86
1-1,2,000110,23.92
1-1,2,101100,26.21
1-1,2,010011,26.62
1-1,2,111001,27.01
1-1,1,100100,23.96
1-1,1,001110,26.29
1-1,1,110001,28.74
1-1,1,011011,24.54
1-1,1,100011,23.48
1-1,1,001001,26.66
1-1,1,110110,29.1
1-1,1,011100,25.09
1-1,2,000001,26.06
1-1,2,101011,24.36
1-1,2,010100,28.07
1-1,2,111110,30.74
1-1,2,111010,30.72
1-1,2,010000,27.91
1-1,2,101111,23.87
1-1,2,000101,26.34
1-1,1,011000,25.22
1-1,1,110010,29.1
1-1,1,001101,28.02
1-1,1,100111,23.05
1-1,1,111011,29.0
1-1,1,010001,26.19
1-1,1,101110,25.67
1-1,1,000100,24.57
1-1,2,011001,25.71
1-1,2,110011,27.04
1-1,2,001100,25.32
1-1,2,100110,23.81
1-1,2,100010,24.06
1-1,2,001000,26.9
1-1,2,110111,27.89
1-1,2,011101,25.22
1-1,1,000000,24.64
1-1,1,101010,25.33
1-1,1,010101,26.28
1-1,1,111111,28.97
1-1,1,011001,24.79
1-1,1,110011,28.05
1-1,1,001100,25.57
1-1,1,100110,23.76
1-1,2,111011,27.18
1-1,2,010001,26.77
1-1,2,101110,25.94
1-1,2,000100,23.9
1-1,2,000000,23.97
1-1,2,101010,26.1
1-1,2,010101,26.82
1-1,2,111111,27.54
1-1,1,100010,23.93
1-1,1,001000,25.59
1-1,1,110111,27.57
1-1,1,011101,24.84
1-1,1,000001,25.9
1-1,1,101011,24.49
1-1,1,010100,27.32
1-1,1,111110,29.68
1-1,2,100011,23.73
1-1,2,001001,26.68
1-1,2,110110,28.97
1-1,2,011100,25.83
1-1,2,011000,25.85
1-1,2,110010,29.03
1-1,2,001101,26.09
1-1,2,100111,23.46
1-1,1,111010,29.13
1-1,1,010000,27.4
1-1,1,101111,24.23
1-1,1,000101,26.12
1-1,1,111101,27.82
1-1,1,010111,26.37
1-1,1,101000,25.46
1-1,1,000010,24.54
1-1,2,011111,25.07
1-1,2,110101,29.25
1-1,2,001010,25.28
1-1,2,100000,24.68
1-1,2,100100,24.31
1-1,2,001110,25.62
1-1,2,110001,29.17
1-1,2,011011,25.03
1-1,1,000110,24.43
1-1,1,101100,25.62
1-1,1,010011,26.02
1-1,1,111001,27.87
1-1,1,100101,24.19
1-1,1,001111,26.39
1-1,1,110000,28.5
1-1,1,011010,25.3
1-1,2,000111,25.37
1-1,2,101101,25.03
1-1,2,010010,29.26
1-1,2,111000,28.54
1-1,2,111100,28.52
1-1,2,010110,28.97
1-1,2,101001,25.32
1-1,2,000011,25.3
1-1,1,011110,25.32
1-1,1,110100,28.49
1-1,1,001011,26.39
1-1,1,100001,24.15
1-1,0,111110,30.69
1-1,0,010100,30.47
1-1,0,101011,25.41
1-1,0,000001,27.16
1-1,0,000101,27.08
1-1,0,101111,25.08
1-1,0,010000,30.59
1-1,0,111010,31.08
1-1,0,100110,24.7
1-1,0,001100,26.71
1-1,0,110011,28.95
1-1,0,011001,25.52
1-1,0,011101,25.94
1-1,0,110111,28.1
1-1,0,001000,26.8
1-1,0,100010,24.99
1-1,0,011010,26.2
1-1,0,110000,30.49
1-1,0,001111,26.42
1-1,0,100101,24.71
1-1,0,100001,25.05
1-1,0,001011,26.37
1-1,0,110100,30.3
1-1,0,011110,26.18
1-1,0,000010,24.75
1-1,0,101000,27.11
1-1,0,010111,27.15
1-1,0,111101,28.29
1-1,0,111001,28.29
1-1,0,010011,27.06
1-1,0,101100,26.39
1-1,0,000110,24.7
1-2,0,111100,25.5
1-2,0,010110,25.04
1-2,0,101001,22.73
1-2,0,000011,25.12
1-2,0,000111,25.03
1-2,0,101101,22.55
1-2,0,010010,25.02
1-2,0,111000,25.5
1-2,0,100100,21.5
1-2,0,001110,23.78
1-2,0,110001,25.16
1-2,0,011011,23.62
1-2,0,011111,23.83
1-2,0,110101,25.1
1-2,0,001010,23.74
1-2,0,100000,21.55
1-2,0,011000,23.53
1-2,0,110010,25.6
1-2,0,001101,24.4
1-2,0,100111,21.89
1-2,0,100011,22.18
1-2,0,001001,24.39
1-2,0,110110,25.52
1-2,0,011100,23.55
1-2,0,000000,24.02
1-2,0,101010,22.77
1-2,0,010101,24.26
1-2,0,111111,24.55
1-2,0,111011,24.56
1-2,0,010001,24.29
1-2,0,101110,22.75
1-2,0,000100,24.05
1-2,1,011011,23.32
1-2,1,110001,24.78
1-2,1,001110,23.55
1-2,1,100100,21.26
1-2,1,100000,21.3
1-2,1,001010,23.55
1-2,1,110101,24.82
1-2,1,011111,23.32
1-2,1,000011,24.85
1-2,1,101001,22.38
1-2,1,010110,24.79
1-2,1,111100,25.1
1-2,1,111000,25.15
1-2,1,010010,24.79
1-2,1,101101,22.12
1-2,1,000111,24.79
1-2,1,111111,24.15
1-2,1,010101,23.99
1-2,1,101010,22.38
1-2,1,000000,23.29
1-2,1,000100,23.75
1-2,1,101110,22.46
1-2,1,010001,24.0
1-2,1,111011,24.16
1-2,1,100111,21.66
1-2,1,001101,24.03
1-2,1,110010,25.35
1-2,1,011000,23.33
1-2,1,011100,23.34
1-2,1,110110,25.41
1-2,1,001001,24.1
1-2,1,100011,21.92
1-2,1,000101,25.69
1-2,1,101111,22.29
1-2,1,010000,24.55
1-2,1,111010,25.24
1-2,1,111110,25.25
1-2,1,010100,24.57
1-2,1,101011,22.53
1-2,1,000001,25.68
1-2,1,011101,23.25
1-2,1,110111,24.18
1-2,1,001000,23.9
1-2,1,100010,21.21
1-2,1,100110,21.19
1-2,1,001100,24.07
1-2,1,110011,24.33
1-2,1,011001,23.24
1-2,1,100001,21.9
1-2,1,001011,23.87
1-2,1,110100,25.42
1-2,1,011110,23.45
1-2,1,011010,23.48
1-2,1,110000,25.31
1-2,1,001111,23.95
1-2,1,100101,21.67
1-2,1,111001,24.64
1-2,1,010011,24.17
1-2,1,101100,22.68
1-2,1,000110,23.22
1-2,1,000010,24.06
1-2,1,101000,22.7
1-2,1,010111,24.27
1-2,1,111101,24.67
1-2,0,100010,21.58
1-2,0,001000,24.06
1-2,0,110111,24.53
1-2,0,011101,23.49
1-2,0,011001,23.45
1-2,0,110011,24.62
1-2,0,001100,24.06
1-2,0,100110,21.54
1-2,0,111010,25.54
1-2,0,010000,24.74
1-2,0,101111,22.18
1-2,0,000101,26.26
1-2,0,000001,26.29
1-2,0,101011,22.51
1-2,0,010100,24.71
1-2,0,111110,25.49
1-2,0,000110,24.08
1-2,0,101100,22.69
1-2,0,010011,24.33
1-2,0,111001,24.88
1-2,0,111101,24.86
1-2,0,010111,24.37
1-2,0,101000,22.85
1-2,0,000010,24.08
1-2,0,011110,23.63
1-2,0,110100,25.79
1-2,0,001011,24.45
1-2,0,100001,22.2
1-2,0,100101,21.95
1-2,0,001111,24.41
1-2,0,110000,25.71
1-2,0,011010,23.65
1-3,0,010000,24.81
1-3,0,111010,25.41
1-3,0,000101,24.98
1-3,0,101111,22.19
1-3,0,101011,22.46
1-3,0,000001,25.02
1-3,0,111110,25.51
1-3,0,010100,24.82
1-3,0,001000,24.59
1-3,0,100010,21.51
1-3,0,011101,23.43
1-3,0,110111,24.52
1-3,0,110011,24.58
1-3,0,011001,23.52
1-3,0,100110,21.39
1-3,0,001100,24.53
1-3,0,110100,25.71
1-3,0,011110,23.59
1-3,0,100001,22.1
1-3,0,001011,24.28
1-3,0,001111,24.27
1-3,0,100101,21.88
1-3,0,011010,23.57
1-3,0,110000,25.69
1-3,0,101100,22.8
1-3,0,000110,23.44
1-3,0,111001,24.93
1-3,0,010011,24.63
1-3,0,010111,24.78
1-3,0,111101,24.95
1-3,0,000010,23.39
1-3,0,101000,22.82
1-3,0,001110,24.3
1-3,0,100100,21.49
1-3,0,011011,23.64
1-3,0,110001,25.12
1-3,0,110101,25.07
1-3,0,011111,23.66
1-3,0,100000,21.45
1-3,0,001010,24.38
1-3,0,010110,25.11
1-3,0,111100,25.61
1-3,0,000011,25.48
1-3,0,101001,22.62
1-3,0,101101,22.45
1-3,0,000111,25.45
1-3,0,111000,25.54
1-3,0,010010,25.17
1-3,0,101010,22.94
1-3,0,000000,24.06
1-3,0,111111,24.68
1-3,0,010101,24.34
1-3,0,010001,24.34
1-3,0,111011,24.9
1-3,0,000100,24.09
1-3,0,101110,22.8
1-3,0,110010,25.74
1-3,0,011000,23.6
1-3,0,100111,21.88
1-3,0,001101,24.52
1-3,0,001001,24.53
1-3,0,100011,22.17
1-3,0,011100,23.58
1-3,0,110110,25.79
3-1,0,011101,24.18
3-1,0,110111,25.66
3-1,0,001000,25.18
3-1,0,100010,22.7
3-1,0,100110,22.2
3-1,0,001100,25.34
3-1,0,110011,25.53
3-1,0,011001,24.17
3-1,0,000101,26.03
3-1,0,101111,23.24
3-1,0,010000,25.44
3-1,0,111010,27.25
3-1,0,111110,27.3
3-1,0,010100,25.45
3-1,0,101011,23.64
3-1,0,000001,26.0
3-1,0,111001,25.96
3-1,0,010011,25.41
3-1,0,101100,23.65
3-1,0,000110,24.18
3-1,0,000010,24.22
3-1,0,101000,24.07
3-1,0,010111,25.25
3-1,0,111101,25.72
3-1,0,100001,23.23
3-1,0,001011,24.89
3-1,0,110100,26.68
3-1,0,011110,24.2
3-1,0,011010,24.18
3-1,0,110000,26.84
3-1,0,001111,24.85
3-1,0,100101,22.99
3-1,2,011000,24.44
3-1,2,110010,27.16
3-1,2,001101,25.48
3-1,2,100111,22.71
3-1,1,111010,27.83
3-1,1,010000,25.58
3-1,1,101111,22.94
3-1,1,000101,25.77
3-1,1,000001,25.78
3-1,1,101011,23.55
3-1,1,010100,25.56
3-1,1,111110,27.88
3-1,2,100011,23.0
3-1,2,001001,25.75
3-1,2,110110,27.1
3-1,2,011100,24.48
3-1,2,000000,23.95
3-1,2,101010,24.06
3-1,2,010101,25.54
3-1,2,111111,26.08
3-1,1,100010,22.14
3-1,1,001000,25.54
3-1,1,110111,25.5
3-1,1,011101,23.96
3-1,1,011001,24.11
3-1,1,110011,25.51
3-1,1,001100,25.58
3-1,1,100110,22.07
3-1,2,111011,26.42
3-1,2,010001,25.59
3-1,2,101110,23.85
3-1,2,000100,24.05
3-1,2,111100,28.18
3-1,2,010110,26.33
3-1,2,101001,24.3
3-1,2,000011,25.58
3-1,1,011110,24.26
3-1,1,110100,26.74
3-1,1,001011,24.67
3-1,1,100001,23.14
3-1,1,100101,22.84
3-1,1,001111,24.7
3-1,1,110000,26.61
3-1,1,011010,24.26
3-1,2,000111,25.45
3-1,2,101101,23.99
3-1,2,010010,26.33
3-1,2,111000,27.66
3-1,2,100100,22.41
3-1,2,001110,24.77
3-1,2,110001,26.41
3-1,2,011011,24.48
3-1,1,000110,23.12
3-1,1,101100,25.65
3-1,1,010011,24.81
3-1,1,111001,25.84
3-1,1,111101,25.78
3-1,1,010111,24.84
3-1,1,101000,24.02
3-1,1,000010,23.22
3-1,2,011111,24.64
3-1,2,110101,26.42
3-1,2,001010,24.73
3-1,2,100000,22.74
3-1,2,000110,23.79
3-1,2,101100,23.98
3-1,2,010011,25.55
3-1,2,111001,26.7
3-1,1,100100,23.21
3-1,1,001110,24.02
3-1,1,110001,26.06
3-1,1,011011,23.98
3-1,1,011111,23.72
3-1,1,110101,26.05
3-1,1,001010,24.11
3-1,1,100000,23.39
3-1,2,111101,26.8
3-1,2,010111,25.5
3-1,2,101000,24.27
3-1,2,000010,23.77
3-1,2,011110,24.61
3-1,2,110100,27.17
3-1,2,001011,25.25
3-1,2,100001,23.44
3-1,1,111100,27.2
3-1,1,010110,25.95
3-1,1,101001,23.56
3-1,1,000011,25.25
3-1,1,000111,25.27
3-1,1,101101,23.35
3-1,1,010010,25.78
3-1,1,111000,27.25
3-1,2,100101,23.23
3-1,2,001111,25.27
3-1,2,110000,27.25
3-1,2,011010,24.57
3-1,2,100010,22.43
3-1,2,001000,25.04
3-1,2,110111,26.32
3-1,2,011101,24.55
3-1,1,000000,23.87
3-1,1,101010,24.73
3-1,1,010101,24.94
3-1,1,111111,25.42
3-1,1,111011,25.6
3-1,1,010001,24.86
3-1,1,101110,24.77
3-1,1,000100,23.8
3-1,2,011001,24.52
3-1,2,110011,26.35
3-1,2,001100,25.02
3-1,2,100110,22.3
3-1,2,111010,27.76
3-1,2,010000,25.91
3-1,2,101111,23.72
3-1,2,000101,26.09
3-1,1,011000,23.95
3-1,1,110010,26.56
3-1,1,001101,25.14
3-1,1,100111,22.59
3-1,1,100011,22.85
3-1,1,001001,24.78
3-1,1,110110,26.61
3-1,1,011100,23.88
3-1,2,000001,26.14
3-1,2,101011,24.3
3-1,2,010100,25.9
3-1,2,111110,27.77
3-1,0,000011,25.15
3-1,0,101001,24.24
3-1,0,010110,25.82
3-1,0,111100,27.55
3-1,0,111000,27.48
3-1,0,010010,25.89
3-1,0,101101,23.92
3-1,0,000111,25.12
3-1,0,011011,23.94
3-1,0,110001,26.33
3-1,0,001110,25.03
3-1,0,100100,22.56
3-1,0,100000,22.81
3-1,0,001010,24.74
3-1,0,110101,26.34
3-1,0,011111,23.99
3-1,0,100111,22.51
3-1,0,001101,25.1
3-1,0,110010,26.74
3-1,0,011000,24.17
3-1,0,011100,24.12
3-1,0,110110,26.64
3-1,0,001001,25.4
3-1,0,100011,22.71
3-1,0,111111,25.68
3-1,0,010101,25.35
3-1,0,101010,24.02
3-1,0,000000,24.03
3-1,0,000100,23.95
3-1,0,101110,23.6
3-1,0,010001,25.29
3-1,0,111011,25.71
3-2,2,011110,24.91
3-2,2,110100,30.57
3-2,2,001011,25.63
3-2,2,100001,23.85
3-2,1,111100,27.52
3-2,1,010110,26.37
3-2,1,101001,24.45
3-2,1,000011,24.87
3-2,1,000111,24.64
3-2,1,101101,24.26
3-2,1,010010,26.72
3-2,1,111000,27.51
3-2,2,100101,23.48
3-2,2,001111,24.94
3-2,2,110000,31.16
3-2,2,011010,24.88
3-2,2,000110,23.62
3-2,2,101100,23.68
3-2,2,010011,25.49
3-2,2,111001,26.11
3-2,1,100100,22.07
3-2,1,001110,24.0
3-2,1,110001,26.16
3-2,1,011011,23.93
3-2,1,011111,24.16
3-2,1,110101,26.1
3-2,1,001010,24.09
3-2,1,100000,22.19
3-2,2,111101,26.25
3-2,2,010111,25.45
3-2,2,101000,23.83
3-2,2,000010,23.73
3-2,2,111010,29.06
3-2,2,010000,26.29
3-2,2,101111,23.16
3-2,2,000101,26.06
3-2,1,011000,24.11
3-2,1,110010,26.93
3-2,1,001101,24.88
3-2,1,100111,22.33
3-2,1,100011,22.55
3-2,1,001001,24.86
3-2,1,110110,26.89
3-2,1,011100,24.19
3-2,2,000001,26.07
3-2,2,101011,23.35
3-2,2,010100,28.78
3-2,2,111110,29.15
3-2,2,100010,23.81
3-2,2,001000,25.56
3-2,2,110111,27.36
3-2,2,011101,24.53
3-2,1,000000,23.4
3-2,1,101010,24.28
3-2,1,010101,24.68
3-2,1,111111,25.3
3-2,1,111011,26.27
3-2,1,010001,24.74
3-2,1,101110,24.61
3-2,1,000100,23.36
3-2,2,011001,24.53
3-2,2,110011,26.4
3-2,2,001100,26.35
3-2,2,100110,23.56
3-2,0,011011,24.16
3-2,0,110001,26.15
3-2,0,001110,24.1
3-2,0,100100,23.25
3-2,0,100000,23.35
3-2,0,001010,24.1
3-2,0,110101,26.08
3-2,0,011111,24.18
3-2,0,000011,24.98
3-2,0,101001,25.03
3-2,0,010110,25.91
3-2,0,111100,27.42
3-2,0,111000,27.71
3-2,0,010010,26.56
3-2,0,101101,24.35
3-2,0,000111,25.25
3-2,0,111111,27.03
3-2,0,010101,25.53
3-2,0,101010,24.58
3-2,0,000000,23.91
3-2,0,000100,23.91
3-2,0,101110,24.31
3-2,0,010001,25.33
3-2,0,111011,26.71
3-2,0,100111,22.35
3-2,0,001101,24.82
3-2,0,110010,27.25
3-2,0,011000,24.31
3-2,0,011100,24.2
3-2,0,110110,27.26
3-2,0,001001,24.84
3-2,0,100011,22.48
3-2,0,000101,26.21
3-2,0,101111,23.57
3-2,0,010000,25.98
3-2,0,111010,28.62
3-2,0,111110,28.68
3-2,0,010100,25.88
3-2,0,101011,23.42
3-2,0,000001,26.25
3-2,0,011101,24.15
3-2,0,110111,25.93
3-2,0,001000,27.52
3-2,0,100010,22.18
3-2,0,100110,22.09
3-2,0,001100,26.11
3-2,0,110011,25.87
3-2,0,011001,24.16
3-2,0,100001,22.72
3-2,0,001011,24.69
3-2,0,110100,27.24
3-2,0,011110,24.47
3-2,0,011010,24.32
3-2,0,110000,27.37
3-2,0,001111,24.93
3-2,0,100101,22.42
3-2,0,111001,25.8
3-2,0,010011,25.07
3-2,0,101100,23.83
3-2,0,000110,23.92
3-2,0,000010,23.92
3-2,0,101000,24.04
3-2,0,010111,25.07
3-2,0,111101,25.85
3-2,2,000000,23.85
3-2,2,101010,24.44
3-2,2,010101,25.25
3-2,2,111111,25.43
3-2,1,100010,23.35
3-2,1,001000,25.99
3-2,1,110111,26.1
3-2,1,011101,24.3
3-2,1,011001,24.27
3-2,1,110011,26.03
3-2,1,001100,25.94
3-2,1,100110,22.06
3-2,2,111011,27.5
3-2,2,010001,25.68
3-2,2,101110,24.49
3-2,2,000100,23.76
3-2,2,011000,24.56
3-2,2,110010,28.13
3-2,2,001101,25.57
3-2,2,100111,22.85
3-2,1,111010,28.32
3-2,1,010000,29.12
3-2,1,101111,23.34
3-2,1,000101,25.77
3-2,1,000001,26.08
3-2,1,101011,23.75
3-2,1,010100,26.25
3-2,1,111110,28.47
3-2,2,100011,22.94
3-2,2,001001,25.62
3-2,2,110110,28.14
3-2,2,011100,24.56
3-2,2,100100,22.5
3-2,2,001110,24.72
3-2,2,110001,26.47
3-2,2,011011,24.49
3-2,1,000110,23.31
3-2,1,101100,23.69
3-2,1,010011,24.93
3-2,1,111001,25.58
3-2,1,111101,25.54
3-2,1,010111,24.95
3-2,1,101000,23.04
3-2,1,000010,23.43
3-2,2,011111,24.49
3-2,2,110101,26.53
3-2,2,001010,24.8
3-2,2,100000,22.71
3-2,2,111100,27.91
3-2,2,010110,26.33
3-2,2,101001,24.46
3-2,2,000011,25.68
3-2,1,011110,24.54
3-2,1,110100,29.61
3-2,1,001011,24.65
3-2,1,100001,22.55
3-2,1,100101,22.32
3-2,1,001111,24.53
3-2,1,110000,26.83
3-2,1,011010,24.98
3-2,2,000111,25.72
3-2,2,101101,24.8
3-2,2,010010,26.62
3-2,2,111000,27.81
12-1,0,100110,23.1
12-1,0,001100,24.6
12-1,0,110011,26.36
12-1,0,011001,24.1
12-1,0,011101,24.17
12-1,0,110111,26.44
12-1,0,001000,24.52
12-1,0,100010,22.92
12-1,0,111110,26.86
12-1,0,010100,25.87
12-1,0,101011,23.58
12-1,0,000001,25.3
12-1,0,000101,25.29
12-1,0,101111,23.16
12-1,0,010000,25.92
12-1,0,111010,26.82
12-1,0,000010,23.6
12-1,0,101000,23.94
12-1,0,010111,25.23
12-1,0,111101,25.65
12-1,0,111001,25.64
12-1,0,010011,25.23
12-1,0,101100,23.72
12-1,0,000110,23.57
12-1,0,011010,24.65
12-1,0,110000,26.28
12-1,0,001111,24.68
12-1,0,100101,23.47
12-1,0,100001,23.72
12-1,0,001011,24.66
12-1,0,110100,26.33
12-1,0,011110,24.68
12-1,1,000001,25.07
12-1,1,101011,23.45
12-1,1,010100,26.04
12-1,1,111110,26.91
12-1,2,100011,23.49
12-1,2,001001,25.41
12-1,2,110110,26.87
12-1,2,011100,24.78
12-1,2,011000,24.76
12-1,2,110010,26.79
12-1,2,001101,25.47
12-1,2,100111,23.25
12-1,1,111010,26.78
12-1,1,010000,25.99
12-1,1,101111,23.17
12-1,1,000101,25.16
12-1,1,011001,23.97
12-1,1,110011,25.41
12-1,1,001100,23.87
12-1,1,100110,22.27
12-1,2,111011,25.69
12-1,2,010001,25.6
12-1,2,101110,23.51
12-1,2,000100,24.04
12-1,2,000000,24.05
12-1,2,101010,23.65
12-1,2,010101,25.63
12-1,2,111111,25.78
12-1,1,100010,22.46
12-1,1,001000,23.87
12-1,1,110111,25.36
12-1,1,011101,23.99
12-1,1,100101,23.46
12-1,1,001111,24.59
12-1,1,110000,26.35
12-1,1,011010,24.45
12-1,2,000111,25.52
12-1,2,101101,24.25
12-1,2,010010,26.61
12-1,2,111000,27.12
12-1,2,111100,27.26
12-1,2,010110,26.69
12-1,2,101001,24.58
12-1,2,000011,25.43
12-1,1,011110,24.46
12-1,1,110100,26.31
12-1,1,001011,24.65
12-1,1,100001,23.7
12-1,1,111101,25.61
12-1,1,010111,24.9
12-1,1,101000,23.26
12-1,1,000010,23.46
12-1,2,011111,24.8
12-1,2,110101,26.68
12-1,2,001010,24.96
12-1,2,100000,23.37
12-1,2,100100,23.11
12-1,2,001110,24.96
12-1,2,110001,26.6
12-1,2,011011,24.77
12-1,1,000110,23.51
12-1,1,101100,23.17
12-1,1,010011,24.92
12-1,1,111001,25.7
12-1,1,011111,24.14
12-1,1,110101,26.12
12-1,1,001010,24.08
12-1,1,100000,23.46
12-1,2,111101,26.17
12-1,2,010111,25.69
12-1,2,101000,24.05
12-1,2,000010,23.9
12-1,2,000110,23.93
12-1,2,101100,23.84
12-1,2,010011,25.69
12-1,2,111001,26.19
12-1,1,100100,23.23
12-1,1,001110,23.94
12-1,1,110001,26.31
12-1,1,011011,24.08
12-1,1,000111,24.76
12-1,1,101101,23.82
12-1,1,010010,26.09
12-1,1,111000,26.42
12-1,2,100101,23.81
12-1,2,001111,25.16
12-1,2,110000,26.85
12-1,2,011010,24.9
12-1,2,011110,24.97
12-1,2,110100,26.75
12-1,2,001011,25.12
12-1,2,100001,24.08
12-1,1,111100,26.54
12-1,1,010110,26.13
12-1,1,101001,24.08
12-1,1,000011,24.79
12-1,1,111011,25.34
12-1,1,010001,25.04
12-1,1,101110,22.92
12-1,1,000100,23.5
12-1,2,011001,24.5
12-1,2,110011,26.46
12-1,2,001100,24.62
12-1,2,100110,22.66
12-1,2,100010,22.86
12-1,2,001000,24.52
12-1,2,110111,26.6
12-1,2,011101,24.48
12-1,1,000000,23.49
12-1,1,101010,23.1
12-1,1,010101,25.08
12-1,1,111111,25.26
12-1,1,100011,23.05
12-1,1,001001,24.86
12-1,1,110110,26.66
12-1,1,011100,24.41
12-1,2,000001,25.85
12-1,2,101011,24.01
12-1,2,010100,26.41
12-1,2,111110,27.3
12-1,2,111010,27.21
12-1,2,010000,26.36
12-1,2,101111,23.92
12-1,2,000101,25.81
12-1,1,011000,24.37
12-1,1,110010,26.69
12-1,1,001101,24.88
12-1,1,100111,22.75
12-1,0,111000,26.84
12-1,0,010010,25.83
12-1,0,101101,24.11
12-1,0,000111,25.04
12-1,0,000011,25.05
12-1,0,101001,24.31
12-1,0,010110,25.9
12-1,0,111100,26.69
12-1,0,100000,23.53
12-1,0,001010,24.3
12-1,0,110101,26.19
12-1,0,011111,24.16
12-1,0,011011,24.11
12-1,0,110001,26.26
12-1,0,001110,24.3
12-1,0,100100,22.84
12-1,0,011100,24.62
12-1,0,110110,26.66
12-1,0,001001,24.95
12-1,0,100011,23.01
12-1,0,100111,22.71
12-1,0,001101,24.9
12-1,0,110010,26.57
12-1,0,011000,24.54
12-1,0,000100,23.7
12-1,0,101110,23.2
12-1,0,010001,25.3
12-1,0,111011,25.42
12-1,0,111111,25.49
12-1,0,010101,25.37
12-1,0,101010,23.35
12-1,0,000000,23.67
12-2,0,000100,23.47
12-2,0,101110,23.11
12-2,0,010001,24.87
12-2,0,111011,25.22
12-2,0,111111,25.02
12-2,0,010101,24.89
12-2,0,101010,23.21
12-2,0,000000,23.47
12-2,0,011100,24.34
12-2,0,110110,26.21
12-2,0,001001,24.68
12-2,0,100011,22.54
12-2,0,100111,22.31
12-2,0,001101,24.55
12-2,0,110010,26.17
12-2,0,011000,24.29
12-2,0,100000,22.46
12-2,0,001010,23.98
12-2,0,110101,25.56
12-2,0,011111,24.02
12-2,0,011011,24.01
12-2,0,110001,25.69
12-2,0,001110,24.09
12-2,0,100100,22.21
12-2,0,111000,26.51
12-2,0,010010,25.53
12-2,0,101101,22.99
12-2,0,000111,24.67
12-2,0,000011,24.68
12-2,0,101001,23.34
12-2,0,010110,25.53
12-2,0,111100,26.33
12-2,2,000001,25.27
12-2,2,101011,23.25
12-2,2,010100,25.74
12-2,2,111110,26.59
12-2,1,100011,22.4
12-2,1,001001,24.55
12-2,1,110110,25.94
12-2,1,011100,24.05
12-2,1,011000,24.01
12-2,1,110010,26.05
12-2,1,001101,24.56
12-2,1,100111,22.09
12-2,2,111010,26.92
12-2,2,010000,25.81
12-2,2,101111,22.92
12-2,2,000101,25.05
12-2,2,011001,24.31
12-2,2,110011,25.86
12-2,2,001100,24.5
12-2,2,100110,22.18
12-2,1,111011,24.85
12-2,1,010001,24.61
12-2,1,101110,22.37
12-2,1,000100,23.26
12-2,1,000000,23.26
12-2,1,101010,22.57
12-2,1,010101,24.68
12-2,1,111111,24.74
12-2,2,100010,22.33
12-2,2,001000,24.53
12-2,2,110111,25.75
12-2,2,011101,24.26
12-2,2,100101,22.84
12-2,2,001111,24.96
12-2,2,110000,26.54
12-2,2,011010,24.55
12-2,1,000111,24.24
12-2,1,101101,22.82
12-2,1,010010,25.31
12-2,1,111000,26.43
12-2,1,111100,26.43
12-2,1,010110,25.35
12-2,1,101001,23.12
12-2,1,000011,24.24
12-2,2,011110,24.56
12-2,2,110100,26.64
12-2,2,001011,24.96
12-2,2,100001,23.1
12-2,2,111101,25.64
12-2,2,010111,25.2
12-2,2,101000,23.03
12-2,2,000010,23.92
12-2,1,011111,23.62
12-2,1,110101,25.49
12-2,1,001010,23.94
12-2,1,100000,22.13
12-2,1,100100,22.09
12-2,1,001110,24.02
12-2,1,110001,25.48
12-2,1,011011,23.55
12-2,2,000110,23.97
12-2,2,101100,22.99
12-2,2,010011,25.27
12-2,2,111001,25.65
12-2,2,011111,24.3
12-2,2,110101,26.05
12-2,2,001010,24.37
12-2,2,100000,22.42
12-2,1,111101,25.07
12-2,1,010111,24.69
12-2,1,101000,22.72
12-2,1,000010,23.4
12-2,1,000110,23.38
12-2,1,101100,22.55
12-2,1,010011,24.63
12-2,1,111001,25.2
12-2,2,100100,22.38
12-2,2,001110,24.39
12-2,2,110001,26.03
12-2,2,011011,24.29
12-2,2,000111,24.76
12-2,2,101101,23.47
12-2,2,010010,25.68
12-2,2,111000,27.02
12-2,1,100101,22.28
12-2,1,001111,24.36
12-2,1,110000,26.07
12-2,1,011010,24.16
12-2,1,011110,24.16
12-2,1,110100,26.04
12-2,1,001011,24.37
12-2,1,100001,22.55
12-2,2,111100,27.02
12-2,2,010110,25.86
12-2,2,101001,23.65
12-2,2,000011,24.76
12-2,2,111011,25.63
12-2,2,010001,25.41
12-2,2,101110,23.02
12-2,2,000100,23.82
12-2,1,011001,23.7
12-2,1,110011,25.12
12-2,1,001100,24.16
12-2,1,100110,21.91
12-2,1,100010,22.03
12-2,1,001000,24.27
12-2,1,110111,25.06
12-2,1,011101,23.71
12-2,2,000000,23.8
12-2,2,101010,23.16
12-2,2,010101,25.31
12-2,2,111111,25.72
12-2,2,100011,22.85
12-2,2,001001,25.14
12-2,2,110110,26.64
12-2,2,011100,24.6
12-2,1,000001,24.61
12-2,1,101011,22.71
12-2,1,010100,25.23
12-2,1,111110,26.36
12-2,1,111010,26.43
12-2,1,010000,25.18
12-2,1,101111,22.36
12-2,1,000101,24.67
12-2,2,011000,24.52
12-2,2,110010,26.9
12-2,2,001101,25.06
12-2,2,100111,22.6
12-2,0,011010,24.13
12-2,0,110000,26.2
12-2,0,001111,24.38
12-2,0,100101,22.54
12-2,0,100001,22.74
12-2,0,001011,24.4
12-2,0,110100,26.16
12-2,0,011110,24.14
12-2,0,000010,23.5
12-2,0,101000,23.25
12-2,0,010111,25.0
12-2,0,111101,25.37
12-2,0,111001,25.36
12-2,0,010011,25.02
12-2,0,101100,23.27
12-2,0,000110,23.53
12-2,0,111110,24.79
12-2,0,010100,25.34
12-2,0,101011,22.95
12-2,0,000001,24.65
12-2,0,000101,24.64
12-2,0,101111,22.7
12-2,0,010000,25.34
12-2,0,111010,26.71
12-2,0,100110,22.07
12-2,0,001100,24.52
12-2,0,110011,25.35
12-2,0,011001,24.01
12-2,0,011101,23.99
12-2,0,110111,25.14
12-2,0,001000,24.52
12-2,0,100010,22.17
13-1,2,001111,25.5
13-1,2,100101,23.07
13-1,2,011010,24.93
13-1,2,110000,27.27
13-1,1,101101,29.55
13-1,1,000111,25.43
13-1,1,111000,28.46
13-1,1,010010,25.86
13-1,1,010110,26.28
13-1,1,111100,28.24
13-1,1,000011,25.54
13-1,1,101001,24.89
13-1,2,110100,27.3
13-1,2,011110,24.91
13-1,2,100001,23.35
13-1,2,001011,24.76
13-1,2,010111,25.49
13-1,2,111101,26.61
13-1,2,000010,23.64
13-1,2,101000,25.85
13-1,1,110101,27.06
13-1,1,011111,23.61
13-1,1,100000,21.99
13-1,1,001010,24.5
13-1,1,001110,24.54
13-1,1,100100,21.97
13-1,1,011011,23.7
13-1,1,110001,26.57
13-1,2,101100,25.56
13-1,2,000110,23.83
13-1,2,111001,26.29
13-1,2,010011,25.33
13-1,2,101011,24.36
13-1,2,000001,25.95
13-1,2,111110,28.3
13-1,2,010100,25.79
13-1,1,001001,24.73
13-1,1,100011,22.26
13-1,1,011100,24.66
13-1,1,110110,26.95
13-1,1,110010,27.0
13-1,1,011000,24.47
13-1,1,100111,21.92
13-1,1,001101,24.46
13-1,2,010000,26.67
13-1,2,111010,27.63
13-1,2,000101,25.35
13-1,2,101111,24.2
13-1,2,110011,26.06
13-1,2,011001,24.94
13-1,2,100110,23.78
13-1,2,001100,25.64
13-1,1,010001,25.03
13-1,1,111011,25.06
13-1,1,000100,24.18
13-1,1,101110,23.35
13-1,1,101010,25.29
13-1,1,000000,24.23
13-1,1,111111,24.75
13-1,1,010101,24.91
13-1,2,001000,25.48
13-1,2,100010,24.15
13-1,2,011101,25.26
13-1,2,110111,26.14
13-1,0,001010,23.93
13-1,0,100000,23.51
13-1,0,011111,24.16
13-1,0,110101,28.86
13-1,0,110001,27.91
13-1,0,011011,24.14
13-1,0,100100,23.22
13-1,0,001110,23.92
13-1,0,010010,26.41
13-1,0,111000,28.96
13-1,0,000111,25.22
13-1,0,101101,23.45
13-1,0,101001,23.56
13-1,0,000011,25.66
13-1,0,111100,28.21
13-1,0,010110,26.62
13-1,0,101110,23.1
13-1,0,000100,24.25
13-1,0,111011,25.62
13-1,0,010001,25.84
13-1,0,010101,25.33
13-1,0,111111,27.15
13-1,0,000000,24.2
13-1,0,101010,23.32
13-1,0,110110,26.39
13-1,0,011100,25.97
13-1,0,100011,22.77
13-1,0,001001,25.84
13-1,0,001101,24.62
13-1,0,100111,22.5
13-1,0,011000,25.1
13-1,0,110010,26.94
13-1,0,010100,25.58
13-1,0,111110,28.94
13-1,0,000001,26.26
13-1,0,101011,23.73
13-1,0,101111,23.28
13-1,0,000101,26.3
13-1,0,111010,27.13
13-1,0,010000,25.8
13-1,0,001100,25.4
13-1,0,100110,22.54
13-1,0,011001,24.5
13-1,0,110011,25.56
13-1,0,110111,25.87
13-1,0,011101,25.78
13-1,0,100010,22.53
13-1,0,001000,25.43
13-1,0,110000,26.92
13-1,0,011010,25.11
13-1,0,100101,23.2
13-1,0,001111,25.94
13-1,0,001011,25.89
13-1,0,100001,23.01
13-1,0,011110,25.05
13-1,0,110100,26.74
13-1,0,101000,23.83
13-1,0,000010,23.86
13-1,0,111101,25.13
13-1,0,010111,24.83
13-1,0,010011,24.81
13-1,0,111001,25.34
13-1,0,000110,24.5
13-1,0,101100,23.0
13-1,2,010001,25.46
13-1,2,111011,25.66
13-1,2,000100,23.72
13-1,2,101110,23.79
13-1,1,110011,26.03
13-1,1,011001,23.76
13-1,1,100110,23.38
13-1,1,001100,25.14
13-1,1,001000,24.48
13-1,1,100010,22.3
13-1,1,011101,24.16
13-1,1,110111,27.21
13-1,2,101010,24.2
13-1,2,000000,24.27
13-1,2,111111,26.07
13-1,2,010101,25.38
13-1,2,001001,25.72
13-1,2,100011,23.24
13-1,2,011100,24.87
13-1,2,110110,28.72
13-1,1,101011,23.36
13-1,1,000001,26.1
13-1,1,111110,29.25
13-1,1,010100,25.66
13-1,1,010000,25.59
13-1,1,111010,29.03
13-1,1,000101,26.02
13-1,1,101111,22.62
13-1,2,110010,27.92
13-1,2,011000,24.82
13-1,2,100111,23.13
13-1,2,001101,26.13
13-1,2,110101,29.5
13-1,2,011111,24.09
13-1,2,100000,23.7
13-1,2,001010,24.83
13-1,1,010111,24.58
13-1,1,111101,25.27
13-1,1,000010,23.71
13-1,1,101000,22.85
13-1,1,101100,23.76
13-1,1,000110,23.14
13-1,1,111001,25.42
13-1,1,010011,24.74
13-1,2,001110,24.88
13-1,2,100100,23.66
13-1,2,011011,24.29
13-1,2,110001,29.22
13-1,2,101101,29.52
13-1,2,000111,26.75
13-1,2,111000,27.89
13-1,2,010010,26.39
13-1,1,001111,24.62
13-1,1,100101,22.5
13-1,1,011010,24.85
13-1,1,110000,28.6
13-1,1,110100,28.62
13-1,1,011110,26.21
13-1,1,100001,23.29
13-1,1,001011,24.56
13-1,2,010110,26.41
13-1,2,111100,28.38
13-1,2,000011,25.94
13-1,2,101001,28.32
5-1,1,101100,21.44
5-1,1,000110,22.77
5-1,1,111001,23.9
5-1,1,010011,23.57
5-1,2,001110,23.74
5-1,2,100100,21.19
5-1,2,011011,23.58
5-1,2,110001,25.63
5-1,2,110101,25.14
5-1,2,011111,23.56
5-1,2,100000,21.08
5-1,2,001010,23.72
5-1,1,010111,23.59
5-1,1,111101,23.97
5-1,1,000010,22.78
5-1,1,101000,21.6
5-1,1,110100,24.89
5-1,1,011110,23.34
5-1,1,100001,21.72
5-1,1,001011,23.56
5-1,2,010110,24.61
5-1,2,111100,25.19
5-1,2,000011,25.14
5-1,2,101001,22.14
5-1,2,101101,22.07
5-1,2,000111,24.39
5-1,2,111000,25.42
5-1,2,010010,24.74
5-1,1,001111,23.6
5-1,1,100101,21.51
5-1,1,011010,23.44
5-1,1,110000,25.23
5-1,1,001000,23.27
5-1,1,100010,21.03
5-1,1,011101,23.1
5-1,1,110111,24.27
5-1,2,101010,21.89
5-1,2,000000,23.25
5-1,2,111111,23.91
5-1,2,010101,24.32
5-1,2,010001,24.35
5-1,2,111011,24.33
5-1,2,000100,23.2
5-1,2,101110,21.74
5-1,1,110011,24.8
5-1,1,011001,23.32
5-1,1,100110,20.99
5-1,1,001100,23.38
5-1,1,010000,23.87
5-1,1,111010,24.72
5-1,1,000101,25.07
5-1,1,101111,21.82
5-1,2,110010,25.59
5-1,2,011000,23.88
5-1,2,100111,22.17
5-1,2,001101,24.14
5-1,2,001001,24.33
5-1,2,100011,22.27
5-1,2,011100,23.92
5-1,2,110110,25.58
5-1,1,101011,22.39
5-1,1,000001,23.34
5-1,1,111110,25.6
5-1,1,010100,23.86
5-1,0,001011,23.87
5-1,0,100001,21.79
5-1,0,011110,23.62
5-1,0,110100,25.12
5-1,0,110000,25.04
5-1,0,011010,23.62
5-1,0,100101,21.68
5-1,0,001111,23.93
5-1,0,010011,24.07
5-1,0,111001,23.88
5-1,0,000110,22.85
5-1,0,101100,21.35
5-1,0,101000,21.33
5-1,0,000010,22.88
5-1,0,111101,23.89
5-1,0,010111,24.03
5-1,0,101111,21.86
5-1,0,000101,23.54
5-1,0,111010,24.75
5-1,0,010000,24.25
5-1,0,010100,24.55
5-1,0,111110,25.15
5-1,0,000001,23.44
5-1,0,101011,22.23
5-1,0,110111,24.59
5-1,0,011101,23.37
5-1,0,100010,21.36
5-1,0,001000,23.7
5-1,0,001100,23.73
5-1,0,100110,21.28
5-1,0,011001,23.59
5-1,0,110011,24.91
5-1,0,010101,24.17
5-1,0,111111,23.68
5-1,0,000000,22.86
5-1,0,101010,21.8
5-1,0,101110,21.6
5-1,0,000100,22.75
5-1,0,111011,23.97
5-1,0,010001,24.22
5-1,0,001101,23.74
5-1,0,100111,21.82
5-1,0,011000,23.38
5-1,0,110010,25.73
5-1,0,110110,25.16
5-1,0,011100,23.58
5-1,0,100011,21.89
5-1,0,001001,23.81
5-1,0,110001,24.4
5-1,0,011011,23.36
5-1,0,100100,21.05
5-1,0,001110,23.39
5-1,0,001010,23.55
5-1,0,100000,20.91
5-1,0,011111,23.42
5-1,0,110101,24.95
5-1,0,101001,22.12
5-1,0,000011,24.42
5-1,0,111100,24.82
5-1,0,010110,24.27
5-1,0,010010,24.04
5-1,0,111000,25.54
5-1,0,000111,24.49
5-1,0,101101,21.9
5-1,1,110010,24.95
5-1,1,011000,23.35
5-1,1,100111,21.55
5-1,1,001101,23.85
5-1,2,010000,24.28
5-1,2,111010,25.19
5-1,2,000101,23.83
5-1,2,101111,22.12
5-1,2,101011,22.42
5-1,2,000001,23.74
5-1,2,111110,25.13
5-1,2,010100,24.43
5-1,1,001001,23.93
5-1,1,100011,21.8
5-1,1,011100,23.5
5-1,1,110110,25.03
5-1,1,101010,21.36
5-1,1,000000,22.76
5-1,1,111111,23.49
5-1,1,010101,23.83
5-1,2,001000,23.75
5-1,2,100010,21.54
5-1,2,011101,23.55
5-1,2,110111,24.39
5-1,2,110011,24.44
5-1,2,011001,23.49
5-1,2,100110,21.51
5-1,2,001100,23.73
5-1,1,010001,24.02
5-1,1,111011,23.77
5-1,1,000100,22.77
5-1,1,101110,21.21
5-1,1,010110,23.99
5-1,1,111100,24.46
5-1,1,000011,24.73
5-1,1,101001,21.74
5-1,2,110100,25.44
5-1,2,011110,23.87
5-1,2,100001,22.34
5-1,2,001011,24.1
5-1,2,001111,23.99
5-1,2,100101,22.18
5-1,2,011010,24.27
5-1,2,110000,24.97
5-1,1,101101,21.79
5-1,1,000111,24.66
5-1,1,111000,24.5
5-1,1,010010,24.0
5-1,1,001110,23.22
5-1,1,100100,20.71
5-1,1,011011,23.28
5-1,1,110001,24.38
5-1,2,101100,21.53
5-1,2,000110,23.26
5-1,2,111001,24.25
5-1,2,010011,24.24
5-1,2,010111,24.22
5-1,2,111101,24.36
5-1,2,000010,23.28
5-1,2,101000,21.58
5-1,1,110101,24.36
5-1,1,011111,23.08
5-1,1,100000,20.7
5-1,1,001010,23.35
5-2,2,011000,23.35
5-2,2,110010,24.71
5-2,2,001101,23.81
5-2,2,100111,21.55
5-2,1,111010,24.1
5-2,1,010000,23.45
5-2,1,101111,21.39
5-2,1,000101,23.09
5-2,1,000001,23.07
5-2,1,101011,21.68
5-2,1,010100,23.42
5-2,1,111110,24.08
5-2,2,100011,21.7
5-2,2,001001,24.02
5-2,2,110110,24.7
5-2,2,011100,23.33
5-2,2,000000,23.0
5-2,2,101010,21.59
5-2,2,010101,23.87
5-2,2,111111,23.8
5-2,1,100010,20.64
5-2,1,001000,22.97
5-2,1,110111,23.39
5-2,1,011101,22.85
5-2,1,011001,22.82
5-2,1,110011,23.48
5-2,1,001100,23.02
5-2,1,100110,20.59
5-2,2,111011,23.85
5-2,2,010001,23.96
5-2,2,101110,21.44
5-2,2,000100,23.06
5-2,2,111100,24.37
5-2,2,010110,24.02
5-2,2,101001,21.51
5-2,2,000011,23.5
5-2,1,011110,23.11
5-2,1,110100,23.97
5-2,1,001011,23.4
5-2,1,100001,21.02
5-2,1,100101,20.97
5-2,1,001111,23.38
5-2,1,110000,23.92
5-2,1,011010,23.11
5-2,2,000111,23.96
5-2,2,101101,21.44
5-2,2,010010,23.99
5-2,2,111000,24.31
5-2,2,100100,20.88
5-2,2,001110,23.81
5-2,2,110001,24.4
5-2,2,011011,23.28
5-2,1,000110,22.67
5-2,1,101100,20.74
5-2,1,010011,23.35
5-2,1,111001,23.57
5-2,1,111101,23.51
5-2,1,010111,23.36
5-2,1,101000,20.67
5-2,1,000010,22.59
5-2,2,011111,23.27
5-2,2,110101,24.34
5-2,2,001010,23.5
5-2,2,100000,20.89
5-2,0,011101,23.05
5-2,0,110111,23.54
5-2,0,001000,23.19
5-2,0,100010,20.7
5-2,0,100110,20.71
5-2,0,001100,23.11
5-2,0,110011,24.13
5-2,0,011001,23.06
5-2,0,000101,23.95
5-2,0,101111,21.49
5-2,0,010000,23.66
5-2,0,111010,23.99
5-2,0,111110,24.07
5-2,0,010100,23.65
5-2,0,101011,21.61
5-2,0,000001,23.18
5-2,0,111001,23.6
5-2,0,010011,23.83
5-2,0,101100,20.94
5-2,0,000110,23.04
5-2,0,000010,22.74
5-2,0,101000,20.91
5-2,0,010111,23.8
5-2,0,111101,23.67
5-2,0,100001,21.54
5-2,0,001011,23.55
5-2,0,110100,24.07
5-2,0,011110,23.37
5-2,0,011010,23.2
5-2,0,110000,24.08
5-2,0,001111,23.58
5-2,0,100101,21.17
5-2,0,000011,23.44
5-2,0,101001,21.55
5-2,0,010110,23.79
5-2,0,111100,23.9
5-2,0,111000,23.82
5-2,0,010010,23.67
5-2,0,101101,21.37
5-2,0,000111,23.22
5-2,0,011011,23.03
5-2,0,110001,24.23
5-2,0,001110,23.3
5-2,0,100100,20.56
5-2,0,100000,20.55
5-2,0,001010,23.24
5-2,0,110101,24.21
5-2,0,011111,23.06
5-2,0,100111,21.32
5-2,0,001101,23.49
5-2,0,110010,24.31
5-2,0,011000,23.08
5-2,0,011100,23.16
5-2,0,110110,24.28
5-2,0,001001,23.44
5-2,0,100011,21.57
5-2,0,111111,23.31
5-2,0,010101,23.85
5-2,0,101010,21.18
5-2,0,000000,22.78
5-2,0,000100,22.8
5-2,0,101110,21.15
5-2,0,010001,23.59
5-2,0,111011,23.7
5-2,2,000110,23.29
5-2,2,101100,21.26
5-2,2,010011,23.85
5-2,2,111001,24.0
5-2,1,100100,20.4
5-2,1,001110,23.12
5-2,1,110001,23.82
5-2,1,011011,22.77
5-2,1,011111,22.86
5-2,1,110101,23.86
5-2,1,001010,23.07
5-2,1,100000,20.42
5-2,2,111101,23.97
5-2,2,010111,23.82
5-2,2,101000,21.05
5-2,2,000010,23.2
5-2,2,011110,23.69
5-2,2,110100,24.46
5-2,2,001011,23.94
5-2,2,100001,21.86
5-2,1,111100,23.88
5-2,1,010110,23.55
5-2,1,101001,21.04
5-2,1,000011,23.08
5-2,1,000111,23.17
5-2,1,101101,21.22
5-2,1,010010,23.62
5-2,1,111000,23.83
5-2,2,100101,21.65
5-2,2,001111,24.07
5-2,2,110000,24.54
5-2,2,011010,23.66
5-2,2,100010,21.11
5-2,2,001000,23.51
5-2,2,110111,24.97
5-2,2,011101,23.32
5-2,1,000000,22.58
5-2,1,101010,21.19
5-2,1,010101,23.67
5-2,1,111111,23.14
5-2,1,111011,23.29
5-2,1,010001,23.36
5-2,1,101110,20.99
5-2,1,000100,22.56
5-2,2,011001,23.33
5-2,2,110011,24.31
5-2,2,001100,23.43
5-2,2,100110,21.26
5-2,2,111010,24.48
5-2,2,010000,23.83
5-2,2,101111,21.69
5-2,2,000101,23.89
5-2,1,011000,22.95
5-2,1,110010,24.11
5-2,1,001101,23.5
5-2,1,100111,20.99
5-2,1,100011,21.22
5-2,1,001001,23.47
5-2,1,110110,24.19
5-2,1,011100,22.9
5-2,2,000001,23.58
5-2,2,101011,21.9
5-2,2,010100,23.8
5-2,2,111110,24.36
6-1,2,001001,24.88
6-1,2,100011,23.01
6-1,2,011100,25.09
6-1,2,110110,27.73
6-1,1,101011,22.87
6-1,1,000001,25.95
6-1,1,111110,27.2
6-1,1,010100,26.9
6-1,1,010000,26.92
6-1,1,111010,26.92
6-1,1,000101,25.92
6-1,1,101111,22.58
6-1,2,110010,27.79
6-1,2,011000,25.12
6-1,2,100111,22.77
6-1,2,001101,24.94
6-1,2,010001,25.05
6-1,2,111011,25.34
6-1,2,000100,23.95
6-1,2,101110,23.97
6-1,1,110011,25.49
6-1,1,011001,24.81
6-1,1,100110,21.82
6-1,1,001100,24.69
6-1,1,001000,23.94
6-1,1,100010,21.83
6-1,1,011101,23.63
6-1,1,110111,25.42
6-1,2,101010,23.29
6-1,2,000000,24.21
6-1,2,111111,25.05
6-1,2,010101,25.6
6-1,2,101101,23.34
6-1,2,000111,25.25
6-1,2,111000,27.37
6-1,2,010010,26.53
6-1,1,001111,24.98
6-1,1,100101,22.41
6-1,1,011010,24.43
6-1,1,110000,26.43
6-1,1,110100,26.51
6-1,1,011110,24.02
6-1,1,100001,22.59
6-1,1,001011,25.05
6-1,2,010110,26.49
6-1,2,111100,27.1
6-1,2,000011,25.38
6-1,2,101001,23.33
6-1,2,110101,26.05
6-1,2,011111,23.98
6-1,2,100000,22.07
6-1,2,001010,24.24
6-1,1,010111,24.79
6-1,1,111101,25.23
6-1,1,000010,24.25
6-1,1,101000,22.59
6-1,1,101100,22.85
6-1,1,000110,24.19
6-1,1,111001,25.45
6-1,1,010011,24.62
6-1,2,001110,25.07
6-1,2,100100,21.98
6-1,2,011011,23.99
6-1,2,110001,26.62
6-1,0,001100,24.25
6-1,0,100110,21.86
6-1,0,011001,24.36
6-1,0,110011,25.51
6-1,0,110111,25.63
6-1,0,011101,24.47
6-1,0,100010,22.28
6-1,0,001000,25.0
6-1,0,010100,25.6
6-1,0,111110,28.02
6-1,0,000001,25.99
6-1,0,101011,23.12
6-1,0,101111,22.51
6-1,0,000101,25.61
6-1,0,111010,28.0
6-1,0,010000,25.83
6-1,0,101000,24.37
6-1,0,000010,24.14
6-1,0,111101,25.61
6-1,0,010111,25.18
6-1,0,010011,25.22
6-1,0,111001,25.62
6-1,0,000110,24.16
6-1,0,101100,22.88
6-1,0,110000,27.01
6-1,0,011010,24.21
6-1,0,100101,22.43
6-1,0,001111,24.61
6-1,0,001011,25.25
6-1,0,100001,22.59
6-1,0,011110,24.26
6-1,0,110100,26.89
6-1,0,010010,26.3
6-1,0,111000,27.05
6-1,0,000111,25.79
6-1,0,101101,23.16
6-1,0,101001,23.27
6-1,0,000011,25.72
6-1,0,111100,26.8
6-1,0,010110,27.45
6-1,0,001010,24.86
6-1,0,100000,21.72
6-1,0,011111,24.21
6-1,0,110101,25.83
6-1,0,110001,25.89
6-1,0,011011,24.15
6-1,0,100100,21.77
6-1,0,001110,24.84
6-1,0,110110,27.55
6-1,0,011100,25.34
6-1,0,100011,22.7
6-1,0,001001,24.67
6-1,0,001101,24.59
6-1,0,100111,22.56
6-1,0,011000,25.3
6-1,0,110010,27.56
6-1,0,101110,23.15
6-1,0,000100,23.87
6-1,0,111011,25.18
6-1,0,010001,25.1
6-1,0,010101,25.11
6-1,0,111111,24.68
6-1,0,000000,23.78
6-1,0,101010,23.45
6-1,2,010111,25.19
6-1,2,111101,26.08
6-1,2,000010,24.79
6-1,2,101000,23.1
6-1,1,110101,25.65
6-1,1,011111,23.47
6-1,1,100000,21.4
6-1,1,001010,24.0
6-1,1,001110,23.66
6-1,1,100100,21.55
6-1,1,011011,23.62
6-1,1,110001,25.69
6-1,2,101100,23.11
6-1,2,000110,24.8
6-1,2,111001,26.06
6-1,2,010011,25.36
6-1,2,001111,25.51
6-1,2,100101,22.68
6-1,2,011010,24.51
6-1,2,110000,27.32
6-1,1,101101,22.92
6-1,1,000111,25.5
6-1,1,111000,26.44
6-1,1,010010,26.19
6-1,1,010110,26.18
6-1,1,111100,26.78
6-1,1,000011,25.51
6-1,1,101001,22.69
6-1,2,110100,27.37
6-1,2,011110,24.52
6-1,2,100001,22.77
6-1,2,001011,25.44
6-1,2,110011,26.03
6-1,2,011001,24.22
6-1,2,100110,22.01
6-1,2,001100,25.02
6-1,1,010001,25.04
6-1,1,111011,24.78
6-1,1,000100,23.73
6-1,1,101110,23.31
6-1,1,101010,23.5
6-1,1,000000,23.74
6-1,1,111111,24.58
6-1,1,010101,25.1
6-1,2,001000,24.23
6-1,2,100010,22.2
6-1,2,011101,24.58
6-1,2,110111,25.79
6-1,2,101011,23.24
6-1,2,000001,25.74
6-1,2,111110,28.03
6-1,2,010100,27.08
6-1,1,001001,24.52
6-1,1,100011,22.25
6-1,1,011100,24.0
6-1,1,110110,27.7
6-1,1,110010,26.45
6-1,1,011000,23.97
6-1,1,100111,21.95
6-1,1,001101,24.59
6-1,2,010000,26.1
6-1,2,111010,28.02
6-1,2,000101,25.8
6-1,2,101111,23.17
6-2,2,101101,23.17
6-2,2,000111,25.31
6-2,2,111000,26.77
6-2,2,010010,27.19
6-2,1,001111,24.31
6-2,1,100101,22.59
6-2,1,011010,25.04
6-2,1,110000,27.06
6-2,1,110100,27.15
6-2,1,011110,26.17
6-2,1,100001,22.78
6-2,1,001011,24.24
6-2,2,010110,27.11
6-2,2,111100,26.7
6-2,2,000011,25.51
6-2,2,101001,23.3
6-2,2,110101,26.8
6-2,2,011111,23.82
6-2,2,100000,22.48
6-2,2,001010,24.26
6-2,1,010111,24.53
6-2,1,111101,25.33
6-2,1,000010,23.86
6-2,1,101000,22.09
6-2,1,101100,22.14
6-2,1,000110,23.88
6-2,1,111001,25.27
6-2,1,010011,24.19
6-2,2,001110,24.07
6-2,2,100100,22.23
6-2,2,011011,24.45
6-2,2,110001,26.88
6-2,2,001001,26.92
6-2,2,100011,22.85
6-2,2,011100,25.04
6-2,2,110110,28.68
6-2,1,101011,22.72
6-2,1,000001,24.69
6-2,1,111110,26.8
6-2,1,010100,26.06
6-2,1,010000,26.25
6-2,1,111010,27.4
6-2,1,000101,25.38
6-2,1,101111,22.43
6-2,2,110010,28.83
6-2,2,011000,24.98
6-2,2,100111,22.54
6-2,2,001101,25.3
6-2,2,010001,24.76
6-2,2,111011,25.57
6-2,2,000100,23.52
6-2,2,101110,22.68
6-2,1,110011,25.68
6-2,1,011001,23.53
6-2,1,100110,21.47
6-2,1,001100,24.8
6-2,1,001000,24.66
6-2,1,100010,21.76
6-2,1,011101,23.38
6-2,1,110111,25.64
6-2,2,101010,22.87
6-2,2,000000,23.61
6-2,2,111111,25.01
6-2,2,010101,24.77
6-2,0,101000,22.17
6-2,0,000010,23.78
6-2,0,111101,25.1
6-2,0,010111,24.57
6-2,0,010011,24.71
6-2,0,111001,25.02
6-2,0,000110,23.78
6-2,0,101100,22.11
6-2,0,110000,27.85
6-2,0,011010,25.08
6-2,0,100101,22.56
6-2,0,001111,25.14
6-2,0,001011,25.2
6-2,0,100001,22.77
6-2,0,011110,25.13
6-2,0,110100,26.66
6-2,0,001100,24.49
6-2,0,100110,21.96
6-2,0,011001,23.69
6-2,0,110011,26.11
6-2,0,110111,26.09
6-2,0,011101,23.65
6-2,0,100010,22.22
6-2,0,001000,24.57
6-2,0,010100,25.7
6-2,0,111110,26.51
6-2,0,000001,25.13
6-2,0,101011,23.04
6-2,0,101111,22.81
6-2,0,000101,25.15
6-2,0,111010,26.37
6-2,0,010000,25.34
6-2,0,110110,27.46
6-2,0,011100,25.04
6-2,0,100011,22.38
6-2,0,001001,25.66
6-2,0,001101,25.65
6-2,0,100111,22.13
6-2,0,011000,25.01
6-2,0,110010,27.44
6-2,0,101110,22.81
6-2,0,000100,23.53
6-2,0,111011,25.12
6-2,0,010001,24.82
6-2,0,010101,24.95
6-2,0,111111,25.2
6-2,0,000000,23.33
6-2,0,101010,22.75
6-2,0,010010,26.08
6-2,0,111000,27.17
6-2,0,000111,24.82
6-2,0,101101,23.1
6-2,0,101001,23.46
6-2,0,000011,24.97
6-2,0,111100,27.1
6-2,0,010110,25.64
6-2,0,001010,24.06
6-2,0,100000,21.43
6-2,0,011111,23.7
6-2,0,110101,26.32
6-2,0,110001,26.43
6-2,0,011011,23.6
6-2,0,100100,21.77
6-2,0,001110,23.96
6-2,2,110011,26.69
6-2,2,011001,24.06
6-2,2,100110,22.31
6-2,2,001100,25.5
6-2,1,010001,24.45
6-2,1,111011,25.25
6-2,1,000100,23.32
6-2,1,101110,22.61
6-2,1,101010,22.42
6-2,1,000000,23.09
6-2,1,111111,25.21
6-2,1,010101,24.29
6-2,2,001000,25.43
6-2,2,100010,22.44
6-2,2,011101,24.01
6-2,2,110111,26.79
6-2,2,101011,23.09
6-2,2,000001,25.53
6-2,2,111110,27.81
6-2,2,010100,26.52
6-2,1,001001,24.76
6-2,1,100011,22.33
6-2,1,011100,23.98
6-2,1,110110,27.43
6-2,1,110010,27.06
6-2,1,011000,23.85
6-2,1,100111,22.12
6-2,1,001101,24.43
6-2,2,010000,26.51
6-2,2,111010,27.76
6-2,2,000101,25.53
6-2,2,101111,22.89
6-2,2,010111,24.99
6-2,2,111101,25.73
6-2,2,000010,23.66
6-2,2,101000,22.57
6-2,1,110101,25.79
6-2,1,011111,23.46
6-2,1,100000,21.63
6-2,1,001010,24.06
6-2,1,001110,24.1
6-2,1,100100,21.5
6-2,1,011011,23.43
6-2,1,110001,25.69
6-2,2,101100,22.42
6-2,2,000110,23.67
6-2,2,111001,25.66
6-2,2,010011,24.88
6-2,2,001111,25.27
6-2,2,100101,23.2
6-2,2,011010,24.71
6-2,2,110000,27.64
6-2,1,101101,23.43
6-2,1,000111,24.96
6-2,1,111000,26.36
6-2,1,010010,25.93
6-2,1,010110,26.16
6-2,1,111100,26.4
6-2,1,000011,24.91
6-2,1,101001,23.04
6-2,2,110100,27.63
6-2,2,011110,24.87
6-2,2,100001,23.42
6-2,2,001011,25.3
6-3,1,111101,24.95
6-3,1,010111,24.67
6-3,1,101000,22.16
6-3,1,000010,24.78
6-3,2,011111,24.25
6-3,2,110101,25.85
6-3,2,001010,24.52
6-3,2,100000,22.02
6-3,2,100100,21.73
6-3,2,001110,24.61
6-3,2,110001,25.76
6-3,2,011011,24.22
6-3,1,000110,24.7
6-3,1,101100,22.18
6-3,1,010011,24.73
6-3,1,111001,24.82
6-3,1,100101,22.15
6-3,1,001111,25.11
6-3,1,110000,26.56
6-3,1,011010,25.43
6-3,2,000111,25.73
6-3,2,101101,22.98
6-3,2,010010,26.3
6-3,2,111000,26.93
6-3,2,111100,26.94
6-3,2,010110,26.31
6-3,2,101001,23.36
6-3,2,000011,25.75
6-3,1,011110,25.65
6-3,1,110100,26.31
6-3,1,001011,24.31
6-3,1,100001,22.52
6-3,1,011001,23.54
6-3,1,110011,25.68
6-3,1,001100,26.0
6-3,1,100110,22.21
6-3,2,111011,25.39
6-3,2,010001,24.87
6-3,2,101110,22.79
6-3,2,000100,23.34
6-3,2,000000,23.29
6-3,2,101010,22.8
6-3,2,010101,24.62
6-3,2,111111,25.43
6-3,1,100010,22.16
6-3,1,001000,24.24
6-3,1,110111,25.75
6-3,1,011101,23.44
6-3,1,000001,26.05
6-3,1,101011,22.73
6-3,1,010100,25.72
6-3,1,111110,26.31
6-3,2,100011,23.13
6-3,2,001001,25.36
6-3,2,110110,28.41
6-3,2,011100,25.17
6-3,2,011000,25.14
6-3,2,110010,28.46
6-3,2,001101,25.27
6-3,2,100111,22.86
6-3,1,111010,26.44
6-3,1,010000,25.75
6-3,1,101111,22.51
6-3,1,000101,26.0
6-3,0,011010,25.45
6-3,0,110000,26.66
6-3,0,001111,25.18
6-3,0,100101,22.38
6-3,0,100001,22.51
6-3,0,001011,25.19
6-3,0,110100,26.65
6-3,0,011110,25.45
6-3,0,000010,25.24
6-3,0,101000,22.53
6-3,0,010111,26.6
6-3,0,111101,24.77
6-3,0,111001,25.0
6-3,0,010011,24.78
6-3,0,101100,22.25
6-3,0,000110,25.08
6-3,0,111110,26.06
6-3,0,010100,26.09
6-3,0,101011,22.92
6-3,0,000001,25.93
6-3,0,000101,25.95
6-3,0,101111,22.45
6-3,0,010000,25.68
6-3,0,111010,26.41
6-3,0,100110,22.13
6-3,0,001100,26.07
6-3,0,110011,26.41
6-3,0,011001,23.67
6-3,0,011101,23.86
6-3,0,110111,25.89
6-3,0,001000,24.59
6-3,0,100010,21.78
6-3,0,000100,23.84
6-3,0,101110,22.29
6-3,0,010001,24.91
6-3,0,111011,25.09
6-3,0,111111,24.72
6-3,0,010101,24.87
6-3,0,101010,22.45
6-3,0,000000,23.95
6-3,0,011100,24.91
6-3,0,110110,27.87
6-3,0,001001,24.56
6-3,0,100011,22.53
6-3,0,100111,22.51
6-3,0,001101,24.48
6-3,0,110010,27.86
6-3,0,011000,24.84
6-3,0,100000,21.64
6-3,0,001010,23.81
6-3,0,110101,26.02
6-3,0,011111,23.61
6-3,0,011011,23.93
6-3,0,110001,26.05
6-3,0,001110,23.87
6-3,0,100100,21.43
6-3,0,111000,26.12
6-3,0,010010,26.48
6-3,0,101101,23.01
6-3,0,000111,25.83
6-3,0,000011,25.84
6-3,0,101001,23.2
6-3,0,010110,26.36
6-3,0,111100,26.05
6-3,1,100011,22.57
6-3,1,001001,24.42
6-3,1,110110,27.17
6-3,1,011100,24.58
6-3,2,000001,26.31
6-3,2,101011,23.65
6-3,2,010100,26.73
6-3,2,111110,27.16
6-3,2,111010,26.56
6-3,2,010000,26.7
6-3,2,101111,22.71
6-3,2,000101,26.2
6-3,1,011000,24.53
6-3,1,110010,27.28
6-3,1,001101,24.85
6-3,1,100111,22.1
6-3,1,111011,24.34
6-3,1,010001,24.52
6-3,1,101110,22.45
6-3,1,000100,23.14
6-3,2,011001,24.3
6-3,2,110011,26.46
6-3,2,001100,24.46
6-3,2,100110,22.08
6-3,2,100010,22.16
6-3,2,001000,24.43
6-3,2,110111,25.9
6-3,2,011101,23.9
6-3,1,000000,22.88
6-3,1,101010,22.56
6-3,1,010101,24.88
6-3,1,111111,24.22
6-3,1,000111,25.56
6-3,1,101101,22.87
6-3,1,010010,26.2
6-3,1,111000,25.91
6-3,2,100101,22.51
6-3,2,001111,24.76
6-3,2,110000,27.83
6-3,2,011010,26.97
6-3,2,011110,26.46
6-3,2,110100,27.97
6-3,2,001011,25.4
6-3,2,100001,22.77
6-3,1,111100,26.05
6-3,1,010110,26.21
6-3,1,101001,23.22
6-3,1,000011,25.58
6-3,1,011111,23.75
6-3,1,110101,25.47
6-3,1,001010,23.62
6-3,1,100000,22.87
6-3,2,111101,25.44
6-3,2,010111,24.61
6-3,2,101000,22.57
6-3,2,000010,24.36
6-3,2,000110,23.34
6-3,2,101100,22.73
6-3,2,010011,24.76
6-3,2,111001,25.61
6-3,1,100100,21.13
6-3,1,001110,23.54
6-3,1,110001,25.48
6-3,1,011011,23.75
7-1,0,101110,23.24
7-1,0,000100,23.65
7-1,0,111011,26.2
7-1,0,010001,25.38
7-1,0,010101,25.38
7-1,0,111111,26.03
7-1,0,000000,23.67
7-1,0,101010,23.4
7-1,0,110110,27.59
7-1,0,011100,24.35
7-1,0,100011,22.71
7-1,0,001001,25.15
7-1,0,001101,25.12
7-1,0,100111,22.39
7-1,0,011000,24.61
7-1,0,110010,28.41
7-1,0,001010,24.44
7-1,0,100000,23.52
7-1,0,011111,24.51
7-1,0,110101,25.67
7-1,0,110001,25.84
7-1,0,011011,24.77
7-1,0,100100,22.16
7-1,0,001110,24.43
7-1,0,010010,26.22
7-1,0,111000,27.25
7-1,0,000111,24.97
7-1,0,101101,23.3
7-1,0,101001,23.69
7-1,0,000011,24.97
7-1,0,111100,27.23
7-1,0,010110,25.79
7-1,1,001001,24.87
7-1,1,100011,22.71
7-1,1,011100,24.9
7-1,1,110110,28.04
7-1,2,101011,23.84
7-1,2,000001,26.09
7-1,2,111110,28.08
7-1,2,010100,26.7
7-1,2,010000,26.61
7-1,2,111010,28.09
7-1,2,000101,25.47
7-1,2,101111,23.9
7-1,1,110010,28.14
7-1,1,011000,24.85
7-1,1,100111,22.4
7-1,1,001101,24.96
7-1,1,010001,25.45
7-1,1,111011,25.7
7-1,1,000100,23.08
7-1,1,101110,23.01
7-1,2,110011,28.18
7-1,2,011001,24.34
7-1,2,100110,22.57
7-1,2,001100,24.41
7-1,2,001000,24.55
7-1,2,100010,22.72
7-1,2,011101,24.34
7-1,2,110111,26.11
7-1,1,101010,25.41
7-1,1,000000,23.1
7-1,1,111111,25.91
7-1,1,010101,25.3
7-1,1,101101,23.63
7-1,1,000111,25.06
7-1,1,111000,27.08
7-1,1,010010,25.97
7-1,2,001111,25.09
7-1,2,100101,23.03
7-1,2,011010,25.2
7-1,2,110000,28.66
7-1,2,110100,28.12
7-1,2,011110,25.34
7-1,2,100001,23.14
7-1,2,001011,25.09
7-1,1,010110,25.91
7-1,1,111100,27.32
7-1,1,000011,25.18
7-1,1,101001,24.2
7-1,1,110101,25.64
7-1,1,011111,24.06
7-1,1,100000,21.96
7-1,1,001010,24.25
7-1,2,010111,25.76
7-1,2,111101,26.38
7-1,2,000010,23.94
7-1,2,101000,27.81
7-1,2,101100,27.26
7-1,2,000110,23.95
7-1,2,111001,26.43
7-1,2,010011,25.71
7-1,1,001110,24.12
7-1,1,100100,23.55
7-1,1,011011,23.94
7-1,1,110001,26.22
7-1,1,010111,25.67
7-1,1,111101,26.13
7-1,1,000010,23.23
7-1,1,101000,24.88
7-1,2,110101,26.2
7-1,2,011111,24.39
7-1,2,100000,23.35
7-1,2,001010,24.56
7-1,2,001110,24.7
7-1,2,100100,23.77
7-1,2,011011,24.28
7-1,2,110001,26.87
7-1,1,101100,27.28
7-1,1,000110,23.24
7-1,1,111001,26.58
7-1,1,010011,26.04
7-1,1,001111,24.98
7-1,1,100101,22.0
7-1,1,011010,25.94
7-1,1,110000,27.14
7-1,2,101101,25.49
7-1,2,000111,25.49
7-1,2,111000,27.77
7-1,2,010010,26.55
7-1,2,010110,26.62
7-1,2,111100,27.97
7-1,2,000011,25.5
7-1,2,101001,24.77
7-1,1,110100,27.49
7-1,1,011110,25.86
7-1,1,100001,22.29
7-1,1,001011,24.95
7-1,1,110011,25.84
7-1,1,011001,24.11
7-1,1,100110,22.28
7-1,1,001100,23.72
7-1,2,010001,25.53
7-1,2,111011,26.0
7-1,2,000100,23.63
7-1,2,101110,23.68
7-1,2,101010,24.59
7-1,2,000000,23.57
7-1,2,111111,25.75
7-1,2,010101,25.56
7-1,1,001000,23.7
7-1,1,100010,22.5
7-1,1,011101,23.92
7-1,1,110111,26.08
7-1,1,101011,23.73
7-1,1,000001,26.25
7-1,1,111110,26.92
7-1,1,010100,25.74
7-1,2,001001,25.36
7-1,2,100011,22.97
7-1,2,011100,24.8
7-1,2,110110,27.73
7-1,2,110010,27.36
7-1,2,011000,24.64
7-1,2,100111,22.72
7-1,2,001101,25.53
7-1,1,010000,25.79
7-1,1,111010,27.31
7-1,1,000101,25.26
7-1,1,101111,23.07
7-1,0,110000,27.61
7-1,0,011010,25.84
7-1,0,100101,22.51
7-1,0,001111,25.02
7-1,0,001011,25.01
7-1,0,100001,22.64
7-1,0,011110,25.01
7-1,0,110100,27.46
7-1,0,101000,26.88
7-1,0,000010,23.9
7-1,0,111101,26.04
7-1,0,010111,25.31
7-1,0,010011,25.35
7-1,0,111001,26.0
7-1,0,000110,23.95
7-1,0,101100,27.79
7-1,0,010100,26.34
7-1,0,111110,28.39
7-1,0,000001,25.88
7-1,0,101011,23.9
7-1,0,101111,23.33
7-1,0,000101,25.43
7-1,0,111010,29.06
7-1,0,010000,26.31
7-1,0,001100,25.04
7-1,0,100110,23.37
7-1,0,011001,24.07
7-1,0,110011,25.99
7-1,0,110111,25.87
7-1,0,011101,24.08
7-1,0,100010,23.53
7-1,0,001000,25.1
7-2,2,011000,24.69
7-2,2,110010,27.44
7-2,2,001101,26.02
7-2,2,100111,28.34
7-2,1,111010,27.92
7-2,1,010000,25.28
7-2,1,101111,22.74
7-2,1,000101,26.03
7-2,1,000001,26.01
7-2,1,101011,23.13
7-2,1,010100,25.2
7-2,1,111110,26.61
7-2,2,100011,24.04
7-2,2,001001,26.01
7-2,2,110110,27.72
7-2,2,011100,24.69
7-2,2,000000,24.12
7-2,2,101010,24.67
7-2,2,010101,25.21
7-2,2,111111,26.06
7-2,1,100010,22.21
7-2,1,001000,24.59
7-2,1,110111,25.38
7-2,1,011101,23.84
7-2,1,011001,23.88
7-2,1,110011,25.46
7-2,1,001100,24.61
7-2,1,100110,22.2
7-2,2,111011,25.97
7-2,2,010001,25.13
7-2,2,101110,23.56
7-2,2,000100,24.1
7-2,2,111100,28.16
7-2,2,010110,25.83
7-2,2,101001,23.47
7-2,2,000011,25.78
7-2,1,011110,24.2
7-2,1,110100,26.5
7-2,1,001011,25.05
7-2,1,100001,22.66
7-2,1,100101,22.36
7-2,1,001111,25.16
7-2,1,110000,26.81
7-2,1,011010,24.21
7-2,2,000111,25.82
7-2,2,101101,23.45
7-2,2,010010,25.87
7-2,2,111000,27.71
7-2,2,100100,23.45
7-2,2,001110,24.89
7-2,2,110001,26.19
7-2,2,011011,24.11
7-2,1,000110,24.07
7-2,1,101100,23.14
7-2,1,010011,24.4
7-2,1,111001,25.4
7-2,1,111101,25.67
7-2,1,010111,24.76
7-2,1,101000,23.26
7-2,1,000010,24.15
7-2,2,011111,24.12
7-2,2,110101,26.15
7-2,2,001010,24.87
7-2,2,100000,23.67
7-2,0,011101,23.87
7-2,0,110111,25.68
7-2,0,001000,24.91
7-2,0,100010,22.46
7-2,0,100110,22.13
7-2,0,001100,24.53
7-2,0,110011,25.66
7-2,0,011001,23.9
7-2,0,000101,25.71
7-2,0,101111,23.26
7-2,0,010000,25.31
7-2,0,111010,26.61
7-2,0,111110,26.94
7-2,0,010100,25.34
7-2,0,101011,23.21
7-2,0,000001,25.55
7-2,0,111001,25.31
7-2,0,010011,24.82
7-2,0,101100,22.85
7-2,0,000110,24.02
7-2,0,000010,24.0
7-2,0,101000,22.59
7-2,0,010111,25.05
7-2,0,111101,26.02
7-2,0,100001,22.64
7-2,0,001011,24.8
7-2,0,110100,26.45
7-2,0,011110,24.11
7-2,0,011010,24.09
7-2,0,110000,27.04
7-2,0,001111,25.11
7-2,0,100101,22.38
7-2,0,000011,25.07
7-2,0,101001,23.06
7-2,0,010110,25.35
7-2,0,111100,27.39
7-2,0,111000,27.29
7-2,0,010010,25.36
7-2,0,101101,22.79
7-2,0,000111,25.1
7-2,0,011011,23.83
7-2,0,110001,25.6
7-2,0,001110,24.84
7-2,0,100100,22.77
7-2,0,100000,22.28
7-2,0,001010,24.45
7-2,0,110101,25.6
7-2,0,011111,23.86
7-2,0,100111,22.64
7-2,0,001101,24.97
7-2,0,110010,26.39
7-2,0,011000,24.42
7-2,0,011100,24.23
7-2,0,110110,26.41
7-2,0,001001,25.26
7-2,0,100011,22.72
7-2,0,111111,25.41
7-2,0,010101,25.9
7-2,0,101010,23.59
7-2,0,000000,23.78
7-2,0,000100,23.78
7-2,0,101110,23.45
7-2,0,010001,25.13
7-2,0,111011,25.43
7-2,2,000110,24.42
7-2,2,101100,23.68
7-2,2,010011,25.22
7-2,2,111001,25.97
7-2,1,100100,23.14
7-2,1,001110,24.71
7-2,1,110001,25.7
7-2,1,011011,23.58
7-2,1,011111,23.59
7-2,1,110101,25.83
7-2,1,001010,24.74
7-2,1,100000,23.32
7-2,2,111101,26.01
7-2,2,010111,25.24
7-2,2,101000,23.32
7-2,2,000010,24.39
7-2,2,011110,24.46
7-2,2,110100,27.41
7-2,2,001011,25.52
7-2,2,100001,22.91
7-2,1,111100,27.1
7-2,1,010110,25.2
7-2,1,101001,22.73
7-2,1,000011,25.47
7-2,1,000111,25.13
7-2,1,101101,22.34
7-2,1,010010,25.25
7-2,1,111000,27.06
7-2,2,100101,22.58
7-2,2,001111,25.53
7-2,2,110000,27.28
7-2,2,011010,24.53
7-2,2,100010,22.58
7-2,2,001000,25.05
7-2,2,110111,25.95
7-2,2,011101,24.22
7-2,1,000000,23.81
7-2,1,101010,23.83
7-2,1,010101,24.68
7-2,1,111111,24.68
7-2,1,111011,24.73
7-2,1,010001,24.64
7-2,1,101110,23.65
7-2,1,000100,23.79
7-2,2,011001,24.48
7-2,2,110011,26.05
7-2,2,001100,25.0
7-2,2,100110,22.28
7-2,2,111010,27.96
7-2,2,010000,26.26
7-2,2,101111,23.33
7-2,2,000101,26.17
7-2,1,011000,24.11
7-2,1,110010,26.29
7-2,1,001101,25.8
7-2,1,100111,22.27
7-2,1,100011,22.63
7-2,1,001001,25.8
7-2,1,110110,26.11
7-2,1,011100,24.18
7-2,2,000001,26.15
7-2,2,101011,24.01
7-2,2,010100,26.22
7-2,2,111110,27.42
7-3,0,011111,23.75
7-3,0,110101,25.33
7-3,0,001010,24.04
7-3,0,100000,22.86
7-3,0,100100,22.77
7-3,0,001110,24.05
7-3,0,110001,25.37
7-3,0,011011,23.74
7-3,0,000111,25.23
7-3,0,101101,23.02
7-3,0,010010,25.29
7-3,0,111000,26.99
7-3,0,111100,27.27
7-3,0,010110,25.26
7-3,0,101001,23.34
7-3,0,000011,25.26
7-3,0,111011,25.0
7-3,0,010001,24.78
7-3,0,101110,22.8
7-3,0,000100,23.84
7-3,0,000000,23.84
7-3,0,101010,22.71
7-3,0,010101,24.8
7-3,0,111111,24.51
7-3,0,100011,22.43
7-3,0,001001,24.78
7-3,0,110110,26.46
7-3,0,011100,24.46
7-3,0,011000,24.36
7-3,0,110010,26.46
7-3,0,001101,24.85
7-3,0,100111,22.26
7-3,1,111000,26.79
7-3,1,010010,25.55
7-3,1,101101,22.54
7-3,1,000111,25.14
7-3,2,011010,24.51
7-3,2,110000,26.73
7-3,2,001111,24.89
7-3,2,100101,22.79
7-3,2,100001,23.02
7-3,2,001011,24.89
7-3,2,110100,26.63
7-3,2,011110,24.53
7-3,1,000011,25.08
7-3,1,101001,23.34
7-3,1,010110,25.47
7-3,1,111100,26.86
7-3,1,100000,22.7
7-3,1,001010,24.08
7-3,1,110101,25.37
7-3,1,011111,23.43
7-3,2,000010,24.16
7-3,2,101000,23.36
7-3,2,010111,25.24
7-3,2,111101,25.73
7-3,2,111001,25.69
7-3,2,010011,25.44
7-3,2,101100,23.66
7-3,2,000110,24.23
7-3,1,011011,23.41
7-3,1,110001,25.22
7-3,1,001110,23.98
7-3,1,100100,22.13
7-3,1,011100,24.32
7-3,1,110110,26.75
7-3,1,001001,24.62
7-3,1,100011,22.81
7-3,2,111110,26.69
7-3,2,010100,25.62
7-3,2,101011,23.37
7-3,2,000001,25.99
7-3,2,000101,26.02
7-3,2,101111,23.21
7-3,2,010000,25.63
7-3,2,111010,26.78
7-3,1,100111,22.17
7-3,1,001101,24.59
7-3,1,110010,26.74
7-3,1,011000,24.26
7-3,1,000100,23.56
7-3,1,101110,22.82
7-3,1,010001,24.79
7-3,1,111011,24.68
7-3,2,100110,23.79
7-3,2,001100,24.6
7-3,2,110011,25.23
7-3,2,011001,24.08
7-3,2,011101,24.06
7-3,2,110111,25.22
7-3,2,001000,24.47
7-3,2,100010,22.66
7-3,1,111111,24.52
7-3,1,010101,24.74
7-3,1,101010,22.79
7-3,1,000000,23.55
7-3,1,100110,21.82
7-3,1,001100,23.86
7-3,1,110011,24.71
7-3,1,011001,23.54
7-3,2,000100,24.22
7-3,2,101110,23.19
7-3,2,010001,25.23
7-3,2,111011,25.14
7-3,2,111111,25.16
7-3,2,010101,25.28
7-3,2,101010,23.59
7-3,2,000000,24.23
7-3,1,011101,23.56
7-3,1,110111,24.56
7-3,1,001000,23.86
7-3,1,100010,21.97
7-3,1,111110,26.28
7-3,1,010100,25.14
7-3,1,101011,22.79
7-3,1,000001,25.56
7-3,2,011100,24.64
7-3,2,110110,26.69
7-3,2,001001,25.37
7-3,2,100011,22.86
7-3,2,100111,22.82
7-3,2,001101,24.99
7-3,2,110010,27.55
7-3,2,011000,24.75
7-3,1,000101,25.55
7-3,1,101111,22.52
7-3,1,010000,25.16
7-3,1,111010,26.05
7-3,1,000010,23.85
7-3,1,101000,23.64
7-3,1,010111,24.57
7-3,1,111101,25.13
7-3,2,100000,23.65
7-3,2,001010,24.58
7-3,2,110101,25.9
7-3,2,011111,23.93
7-3,2,011011,23.92
7-3,2,110001,26.83
7-3,2,001110,24.59
7-3,2,100100,23.07
7-3,1,111001,25.36
7-3,1,010011,24.61
7-3,1,101100,23.84
7-3,1,000110,23.85
7-3,1,011010,24.03
7-3,1,110000,26.16
7-3,1,001111,24.65
7-3,1,100101,22.16
7-3,2,111000,27.62
7-3,2,010010,25.93
7-3,2,101101,23.47
7-3,2,000111,25.66
7-3,2,000011,25.78
7-3,2,101001,23.4
7-3,2,010110,26.24
7-3,2,111100,27.58
7-3,1,100001,22.41
7-3,1,001011,24.65
7-3,1,110100,26.26
7-3,1,011110,23.95
7-3,0,000001,25.22
7-3,0,101011,23.42
7-3,0,010100,25.13
7-3,0,111110,27.69
7-3,0,111010,27.59
7-3,0,010000,25.11
7-3,0,101111,23.16
7-3,0,000101,25.28
7-3,0,011001,23.77
7-3,0,110011,25.33
7-3,0,001100,23.95
7-3,0,100110,22.02
7-3,0,100010,22.14
7-3,0,001000,23.98
7-3,0,110111,25.35
7-3,0,011101,24.05
7-3,0,100101,22.48
7-3,0,001111,24.7
7-3,0,110000,26.22
7-3,0,011010,24.12
7-3,0,011110,24.17
7-3,0,110100,26.19
7-3,0,001011,24.67
7-3,0,100001,22.8
7-3,0,111101,24.97
7-3,0,010111,24.68
7-3,0,101000,22.95
7-3,0,000010,24.04
7-3,0,000110,24.13
7-3,0,101100,23.66
7-3,0,010011,24.72
7-3,0,111001,25.18
8-1,2,110011,26.1
8-1,2,011001,24.52
8-1,2,100110,22.48
8-1,2,001100,24.89
8-1,1,010001,24.93
8-1,1,111011,25.34
8-1,1,000100,23.26
8-1,1,101110,23.11
8-1,1,101010,23.2
8-1,1,000000,23.23
8-1,1,111111,25.16
8-1,1,010101,24.93
8-1,2,001000,24.82
8-1,2,100010,22.82
8-1,2,011101,24.38
8-1,2,110111,26.06
8-1,2,101011,23.98
8-1,2,000001,25.38
8-1,2,111110,26.71
8-1,2,010100,26.27
8-1,1,001001,24.81
8-1,1,100011,22.71
8-1,1,011100,24.1
8-1,1,110110,26.5
8-1,1,110010,26.5
8-1,1,011000,24.09
8-1,1,100111,22.71
8-1,1,001101,24.92
8-1,2,010000,26.25
8-1,2,111010,26.8
8-1,2,000101,25.44
8-1,2,101111,23.81
8-1,2,010111,25.64
8-1,2,111101,25.8
8-1,2,000010,23.83
8-1,2,101000,23.58
8-1,1,110101,25.75
8-1,1,011111,23.93
8-1,1,100000,23.41
8-1,1,001010,24.42
8-1,1,001110,24.43
8-1,1,100100,23.17
8-1,1,011011,24.02
8-1,1,110001,25.52
8-1,2,101100,23.33
8-1,2,000110,23.82
8-1,2,111001,25.81
8-1,2,010011,25.62
8-1,2,001111,25.3
8-1,2,100101,22.91
8-1,2,011010,24.99
8-1,2,110000,27.09
8-1,1,101101,23.53
8-1,1,000111,24.71
8-1,1,111000,27.87
8-1,1,010010,25.63
8-1,1,010110,25.58
8-1,1,111100,27.06
8-1,1,000011,25.02
8-1,1,101001,23.75
8-1,2,110100,27.02
8-1,2,011110,25.62
8-1,2,100001,23.15
8-1,2,001011,25.44
8-1,0,110110,26.84
8-1,0,011100,24.45
8-1,0,100011,23.08
8-1,0,001001,24.96
8-1,0,001101,24.95
8-1,0,100111,22.72
8-1,0,011000,24.4
8-1,0,110010,26.82
8-1,0,101110,23.52
8-1,0,000100,23.57
8-1,0,111011,25.9
8-1,0,010001,25.12
8-1,0,010101,25.07
8-1,0,111111,26.38
8-1,0,000000,23.62
8-1,0,101010,23.55
8-1,0,010010,25.76
8-1,0,111000,27.2
8-1,0,000111,25.52
8-1,0,101101,23.4
8-1,0,101001,23.7
8-1,0,000011,25.49
8-1,0,111100,27.94
8-1,0,010110,25.72
8-1,0,001010,24.65
8-1,0,100000,23.45
8-1,0,011111,24.26
8-1,0,110101,25.81
8-1,0,110001,25.89
8-1,0,011011,24.26
8-1,0,100100,23.26
8-1,0,001110,24.5
8-1,0,101000,23.31
8-1,0,000010,23.94
8-1,0,111101,25.95
8-1,0,010111,25.25
8-1,0,010011,25.21
8-1,0,111001,26.01
8-1,0,000110,24.01
8-1,0,101100,23.15
8-1,0,110000,26.68
8-1,0,011010,24.32
8-1,0,100101,22.59
8-1,0,001111,25.16
8-1,0,001011,25.14
8-1,0,100001,23.11
8-1,0,011110,24.37
8-1,0,110100,26.54
8-1,0,001100,24.51
8-1,0,100110,22.17
8-1,0,011001,24.17
8-1,0,110011,25.49
8-1,0,110111,25.47
8-1,0,011101,24.12
8-1,0,100010,22.32
8-1,0,001000,24.55
8-1,0,010100,25.96
8-1,0,111110,26.97
8-1,0,000001,25.31
8-1,0,101011,23.97
8-1,0,101111,23.4
8-1,0,000101,25.58
8-1,0,111010,27.05
8-1,0,010000,25.86
8-1,2,101101,24.03
8-1,2,000111,25.3
8-1,2,111000,27.43
8-1,2,010010,26.33
8-1,1,001111,24.82
8-1,1,100101,22.35
8-1,1,011010,24.26
8-1,1,110000,26.44
8-1,1,110100,26.49
8-1,1,011110,24.27
8-1,1,100001,22.59
8-1,1,001011,24.88
8-1,2,010110,26.35
8-1,2,111100,27.22
8-1,2,000011,25.33
8-1,2,101001,24.51
8-1,2,110101,26.22
8-1,2,011111,24.57
8-1,2,100000,23.91
8-1,2,001010,25.17
8-1,1,010111,25.16
8-1,1,111101,25.16
8-1,1,000010,24.61
8-1,1,101000,23.54
8-1,1,101100,23.31
8-1,1,000110,23.8
8-1,1,111001,25.52
8-1,1,010011,25.1
8-1,2,001110,25.04
8-1,2,100100,23.84
8-1,2,011011,24.62
8-1,2,110001,26.01
8-1,2,001001,25.4
8-1,2,100011,23.56
8-1,2,011100,24.72
8-1,2,110110,25.91
8-1,1,101011,23.47
8-1,1,000001,25.5
8-1,1,111110,26.55
8-1,1,010100,25.68
8-1,1,010000,25.71
8-1,1,111010,26.74
8-1,1,000101,25.46
8-1,1,101111,23.32
8-1,2,110010,27.21
8-1,2,011000,25.17
8-1,2,100111,23.15
8-1,2,001101,25.36
8-1,2,010001,25.24
8-1,2,111011,25.97
8-1,2,000100,23.7
8-1,2,101110,24.03
8-1,1,110011,25.5
8-1,1,011001,24.07
8-1,1,100110,22.2
8-1,1,001100,24.37
8-1,1,001000,24.41
8-1,1,100010,22.31
8-1,1,011101,23.98
8-1,1,110111,25.25
8-1,2,101010,24.1
8-1,2,000000,23.72
8-1,2,111111,25.89
8-1,2,010101,25.4
8-2,0,010110,26.12
8-2,0,111100,26.17
8-2,0,000011,25.78
8-2,0,101001,24.08
8-2,0,101101,23.95
8-2,0,000111,25.94
8-2,0,111000,26.31
8-2,0,010010,26.03
8-2,0,001110,24.8
8-2,0,100100,22.15
8-2,0,011011,22.68
8-2,0,110001,26.03
8-2,0,110101,25.91
8-2,0,011111,24.43
8-2,0,100000,22.25
8-2,0,001010,24.99
8-2,0,110010,26.69
8-2,0,011000,22.81
8-2,0,100111,22.72
8-2,0,001101,25.44
8-2,0,001001,25.37
8-2,0,100011,23.01
8-2,0,011100,23.08
8-2,0,110110,25.87
8-2,0,101010,23.91
8-2,0,000000,23.89
8-2,0,111111,26.48
8-2,0,010101,23.32
8-2,0,010001,23.25
8-2,0,111011,25.14
8-2,0,000100,23.9
8-2,0,101110,23.84
8-2,1,110001,25.92
8-2,1,011011,24.08
8-2,1,100100,22.0
8-2,1,001110,24.5
8-2,2,010011,23.37
8-2,2,111001,26.62
8-2,2,000110,24.23
8-2,2,101100,23.94
8-2,2,101000,24.1
8-2,2,000010,24.26
8-2,2,111101,26.82
8-2,2,010111,23.62
8-2,1,001010,24.62
8-2,1,100000,22.1
8-2,1,011111,24.06
8-2,1,110101,26.14
8-2,1,101001,23.72
8-2,1,000011,25.85
8-2,1,111100,26.43
8-2,1,010110,25.89
8-2,2,001011,25.81
8-2,2,100001,23.26
8-2,2,011110,23.36
8-2,2,110100,26.73
8-2,2,110000,26.77
8-2,2,011010,23.04
8-2,2,100101,22.89
8-2,2,001111,25.77
8-2,1,010010,26.06
8-2,1,111000,26.29
8-2,1,000111,25.88
8-2,1,101101,23.4
8-2,1,010101,23.55
8-2,1,111111,25.61
8-2,1,000000,23.7
8-2,1,101010,23.77
8-2,2,110111,26.43
8-2,2,011101,24.87
8-2,2,100010,22.73
8-2,2,001000,25.32
8-2,2,001100,25.35
8-2,2,100110,22.69
8-2,2,011001,22.31
8-2,2,110011,26.62
8-2,1,101110,23.71
8-2,1,000100,23.77
8-2,1,111011,25.58
8-2,1,010001,23.0
8-2,1,001101,25.37
8-2,1,100111,22.61
8-2,1,011000,22.51
8-2,1,110010,26.8
8-2,2,101111,24.41
8-2,2,000101,26.1
8-2,2,111010,27.2
8-2,2,010000,26.45
8-2,2,010100,26.44
8-2,2,111110,25.95
8-2,2,000001,26.29
8-2,2,101011,24.7
8-2,1,110110,26.55
8-2,1,011100,22.69
8-2,1,100011,22.94
8-2,1,001001,25.38
8-2,1,101111,23.46
8-2,1,000101,25.9
8-2,1,111010,26.92
8-2,1,010000,25.8
8-2,2,001101,25.81
8-2,2,100111,23.15
8-2,2,011000,23.06
8-2,2,110010,27.54
8-2,2,110110,25.77
8-2,2,011100,23.3
8-2,2,100011,23.35
8-2,2,001001,25.89
8-2,1,010100,25.92
8-2,1,111110,24.64
8-2,1,000001,26.0
8-2,1,101011,23.81
8-2,1,110111,25.82
8-2,1,011101,24.23
8-2,1,100010,22.64
8-2,1,001000,24.61
8-2,2,010101,25.91
8-2,2,111111,25.35
8-2,2,000000,24.42
8-2,2,101010,24.63
8-2,2,101110,24.41
8-2,2,000100,24.29
8-2,2,111011,26.26
8-2,2,010001,23.66
8-2,1,001100,24.62
8-2,1,100110,22.79
8-2,1,011001,24.24
8-2,1,110011,26.03
8-2,1,001011,25.52
8-2,1,100001,23.05
8-2,1,011110,22.87
8-2,1,110100,26.24
8-2,2,101001,24.21
8-2,2,000011,26.05
8-2,2,111100,27.21
8-2,2,010110,26.69
8-2,2,010010,26.63
8-2,2,111000,27.0
8-2,2,000111,25.48
8-2,2,101101,23.95
8-2,1,110000,26.24
8-2,1,011010,22.53
8-2,1,100101,22.54
8-2,1,001111,25.35
8-2,1,010011,23.0
8-2,1,111001,26.51
8-2,1,000110,24.0
8-2,1,101100,23.19
8-2,2,110001,26.49
8-2,2,011011,22.14
8-2,2,100100,22.57
8-2,2,001110,25.31
8-2,2,001010,25.37
8-2,2,100000,22.56
8-2,2,011111,22.64
8-2,2,110101,26.48
8-2,1,101000,23.61
8-2,1,000010,24.07
8-2,1,111101,26.33
8-2,1,010111,23.29
8-2,0,001000,24.88
8-2,0,100010,22.56
8-2,0,011101,24.3
8-2,0,110111,25.86
8-2,0,110011,26.21
8-2,0,011001,24.35
8-2,0,100110,22.47
8-2,0,001100,24.87
8-2,0,010000,26.17
8-2,0,111010,25.33
8-2,0,000101,25.43
8-2,0,101111,23.57
8-2,0,101011,23.83
8-2,0,000001,25.59
8-2,0,111110,24.77
8-2,0,010100,26.1
8-2,0,101100,23.72
8-2,0,000110,23.89
8-2,0,111001,26.2
8-2,0,010011,22.89
8-2,0,010111,23.37
8-2,0,111101,26.3
8-2,0,000010,24.04
8-2,0,101000,23.99
8-2,0,110100,27.13
8-2,0,011110,23.04
8-2,0,100001,23.54
8-2,0,001011,25.4
8-2,0,001111,25.36
8-2,0,100101,22.9
8-2,0,011010,22.69
8-2,0,110000,26.96
base,0,111000,27.14
base,0,010010,25.93
base,0,101101,23.72
base,0,000111,25.2
base,0,000011,25.24
base,0,101001,24.09
base,0,010110,25.71
base,0,111100,27.04
base,0,100000,23.33
base,0,001010,24.0
base,0,110101,27.89
base,0,011111,23.86
base,0,011011,23.91
base,0,110001,26.41
base,0,001110,24.02
base,0,100100,23.22
base,0,011100,24.09
base,0,110110,26.93
base,0,001001,24.84
base,0,100011,22.97
base,0,100111,22.45
base,0,001101,25.28
base,0,110010,26.77
base,0,011000,24.14
base,0,000100,23.65
base,0,101110,24.55
base,0,010001,24.91
base,0,111011,25.69
base,0,111111,25.01
base,0,010101,24.94
base,0,101010,24.8
base,0,000000,23.46
base,2,111101,26.68
base,2,010111,25.44
base,2,101000,26.26
base,2,000010,23.65
base,1,011111,24.11
base,1,110101,25.88
base,1,001010,24.0
base,1,100000,22.29
base,1,100100,22.11
base,1,001110,23.91
base,1,110001,25.8
base,1,011011,23.85
base,2,000110,23.64
base,2,101100,26.04
base,2,010011,25.35
base,2,111001,25.9
base,2,100101,23.64
base,2,001111,24.92
base,2,110000,28.05
base,2,011010,24.59
base,1,000111,24.91
base,1,101101,22.71
base,1,010010,26.32
base,1,111000,27.19
base,1,111100,27.14
base,1,010110,26.27
base,1,101001,23.04
base,1,000011,24.92
base,2,011110,24.55
base,2,110100,27.36
base,2,001011,24.89
base,2,100001,23.34
base,2,011001,24.38
base,2,110011,26.22
base,2,001100,25.56
base,2,100110,22.31
base,1,111011,24.86
base,1,010001,24.62
base,1,101110,23.49
base,1,000100,23.73
base,1,000000,23.77
base,1,101010,23.95
base,1,010101,24.55
base,1,111111,25.12
base,2,100010,22.27
base,2,001000,25.44
base,2,110111,25.88
base,2,011101,24.22
base,2,000001,26.69
base,2,101011,23.65
base,2,010100,26.0
base,2,111110,28.22
base,1,100011,22.44
base,1,001001,24.5
base,1,110110,26.39
base,1,011100,24.03
base,1,011000,23.96
base,1,110010,26.37
base,1,001101,25.32
base,1,100111,22.23
base,2,111010,28.22
base,2,010000,26.28
base,2,101111,23.35
base,2,000101,26.11
base,2,100011,22.99
base,2,001001,24.93
base,2,110110,26.97
base,2,011100,24.48
base,1,000001,26.08
base,1,101011,23.67
base,1,010100,25.26
base,1,111110,27.79
base,1,111010,27.73
base,1,010000,25.49
base,1,101111,22.63
base,1,000101,26.05
base,2,011000,24.44
base,2,110010,26.91
base,2,001101,25.07
base,2,100111,22.6
base,2,111011,25.47
base,2,010001,25.22
base,2,101110,23.7
base,2,000100,23.86
base,1,011001,24.31
base,1,110011,25.3
base,1,001100,24.75
base,1,100110,22.04
base,1,100010,22.34
base,1,001000,25.23
base,1,110111,25.81
base,1,011101,24.28
base,2,000000,24.16
base,2,101010,24.56
base,2,010101,25.08
base,2,111111,25.37
base,2,000111,25.48
base,2,101101,23.36
base,2,010010,26.24
base,2,111000,27.93
base,1,100101,22.2
base,1,001111,24.55
base,1,110000,26.93
base,1,011010,24.05
base,1,011110,24.05
base,1,110100,26.91
base,1,001011,24.54
base,1,100001,22.76
base,2,111100,27.99
base,2,010110,26.51
base,2,101001,23.62
base,2,000011,25.75
base,2,011111,24.46
base,2,110101,26.24
base,2,001010,24.72
base,2,100000,22.59
base,1,111101,25.3
base,1,010111,24.89
base,1,101000,23.56
base,1,000010,23.1
base,1,000110,23.17
base,1,101100,23.3
base,1,010011,24.42
base,1,111001,25.61
base,2,100100,22.45
base,2,001110,25.05
base,2,110001,26.49
base,2,011011,24.38
base,0,100110,22.06
base,0,001100,25.57
base,0,110011,25.57
base,0,011001,23.99
base,0,011101,24.03
base,0,110111,24.98
base,0,001000,26.33
base,0,100010,22.24
base,0,111110,27.8
base,0,010100,25.51
base,0,101011,23.38
base,0,000001,25.89
base,0,000101,26.0
base,0,101111,23.12
base,0,010000,25.5
base,0,111010,28.69
base,0,000010,23.89
base,0,101000,23.58
base,0,010111,24.85
base,0,111101,25.62
base,0,111001,25.84
base,0,010011,24.97
base,0,101100,23.32
base,0,000110,23.39
base,0,011010,24.27
base,0,110000,27.15
base,0,001111,25.66
base,0,100101,22.38
base,0,100001,22.69
base,0,001011,25.64
base,0,110100,26.86
base,0,011110,24.26
